,n,avg_real,avg_cpu,med_cost,matrix,popsize
0,5,16051880.0,15625000.0,2.249612736828632,matrices/5_random_adj_mat_0.txt,"[{'Generation': 0, 'Best Cost': np.float64(2.249612736828632)}, {'Generation': 0, 'Best Cost': np.float64(2.249612736828632)}, {'Generation': 1, 'Best Cost': np.float64(2.249612736828632)}, {'Generation': 2, 'Best Cost': np.float64(2.249612736828632)}, {'Generation': 3, 'Best Cost': np.float64(2.249612736828632)}, {'Generation': 4, 'Best Cost': np.float64(2.249612736828632)}, {'Generation': 5, 'Best Cost': np.float64(2.249612736828632)}, {'Generation': 6, 'Best Cost': np.float64(2.249612736828632)}, {'Generation': 7, 'Best Cost': np.float64(2.249612736828632)}, {'Generation': 8, 'Best Cost': np.float64(2.249612736828632)}, {'Generation': 9, 'Best Cost': np.float64(2.249612736828632)}, {'Generation': 10, 'Best Cost': np.float64(2.249612736828632)}, {'Generation': 11, 'Best Cost': np.float64(2.249612736828632)}, {'Generation': 12, 'Best Cost': np.float64(2.249612736828632)}, {'Generation': 13, 'Best Cost': np.float64(2.249612736828632)}, {'Generation': 14, 'Best Cost': np.float64(2.249612736828632)}, {'Generation': 15, 'Best Cost': np.float64(2.249612736828632)}, {'Generation': 16, 'Best Cost': np.float64(2.249612736828632)}, {'Generation': 17, 'Best Cost': np.float64(2.249612736828632)}, {'Generation': 18, 'Best Cost': np.float64(2.249612736828632)}, {'Generation': 19, 'Best Cost': np.float64(2.249612736828632)}, {'Generation': 20, 'Best Cost': np.float64(2.249612736828632)}, {'Generation': 21, 'Best Cost': np.float64(2.249612736828632)}, {'Generation': 22, 'Best Cost': np.float64(2.249612736828632)}, {'Generation': 23, 'Best Cost': np.float64(2.249612736828632)}, {'Generation': 24, 'Best Cost': np.float64(2.249612736828632)}, {'Generation': 25, 'Best Cost': np.float64(2.249612736828632)}, {'Generation': 26, 'Best Cost': np.float64(2.249612736828632)}, {'Generation': 27, 'Best Cost': np.float64(2.249612736828632)}, {'Generation': 28, 'Best Cost': np.float64(2.249612736828632)}, {'Generation': 29, 'Best Cost': np.float64(2.249612736828632)}, {'Generation': 30, 'Best Cost': np.float64(2.249612736828632)}, {'Generation': 31, 'Best Cost': np.float64(2.249612736828632)}, {'Generation': 32, 'Best Cost': np.float64(2.249612736828632)}, {'Generation': 33, 'Best Cost': np.float64(2.249612736828632)}, {'Generation': 34, 'Best Cost': np.float64(2.249612736828632)}, {'Generation': 35, 'Best Cost': np.float64(2.249612736828632)}, {'Generation': 36, 'Best Cost': np.float64(2.249612736828632)}, {'Generation': 37, 'Best Cost': np.float64(2.249612736828632)}, {'Generation': 38, 'Best Cost': np.float64(2.249612736828632)}, {'Generation': 39, 'Best Cost': np.float64(2.249612736828632)}]"
0,5,14227950.0,14062500.0,2.4324100724478357,matrices/5_random_adj_mat_1.txt,"[{'Generation': 0, 'Best Cost': np.float64(2.4324100724478357)}, {'Generation': 0, 'Best Cost': np.float64(2.4324100724478357)}, {'Generation': 1, 'Best Cost': np.float64(2.4324100724478357)}, {'Generation': 2, 'Best Cost': np.float64(2.4324100724478357)}, {'Generation': 3, 'Best Cost': np.float64(2.4324100724478357)}, {'Generation': 4, 'Best Cost': np.float64(2.4324100724478357)}, {'Generation': 5, 'Best Cost': np.float64(2.4324100724478357)}, {'Generation': 6, 'Best Cost': np.float64(2.4324100724478357)}, {'Generation': 7, 'Best Cost': np.float64(2.4324100724478357)}, {'Generation': 8, 'Best Cost': np.float64(2.4324100724478357)}, {'Generation': 9, 'Best Cost': np.float64(2.4324100724478357)}, {'Generation': 10, 'Best Cost': np.float64(2.4324100724478357)}, {'Generation': 11, 'Best Cost': np.float64(2.4324100724478357)}, {'Generation': 12, 'Best Cost': np.float64(2.4324100724478357)}, {'Generation': 13, 'Best Cost': np.float64(2.4324100724478357)}, {'Generation': 14, 'Best Cost': np.float64(2.4324100724478357)}, {'Generation': 15, 'Best Cost': np.float64(2.4324100724478357)}, {'Generation': 16, 'Best Cost': np.float64(2.4324100724478357)}, {'Generation': 17, 'Best Cost': np.float64(2.4324100724478357)}, {'Generation': 18, 'Best Cost': np.float64(2.4324100724478357)}, {'Generation': 19, 'Best Cost': np.float64(2.4324100724478357)}, {'Generation': 20, 'Best Cost': np.float64(2.4324100724478357)}, {'Generation': 21, 'Best Cost': np.float64(2.4324100724478357)}, {'Generation': 22, 'Best Cost': np.float64(2.4324100724478357)}, {'Generation': 23, 'Best Cost': np.float64(2.4324100724478357)}, {'Generation': 24, 'Best Cost': np.float64(2.4324100724478357)}, {'Generation': 25, 'Best Cost': np.float64(2.4324100724478357)}, {'Generation': 26, 'Best Cost': np.float64(2.4324100724478357)}, {'Generation': 27, 'Best Cost': np.float64(2.4324100724478357)}, {'Generation': 28, 'Best Cost': np.float64(2.4324100724478357)}, {'Generation': 29, 'Best Cost': np.float64(2.4324100724478357)}, {'Generation': 30, 'Best Cost': np.float64(2.4324100724478357)}, {'Generation': 31, 'Best Cost': np.float64(2.4324100724478357)}, {'Generation': 32, 'Best Cost': np.float64(2.4324100724478357)}, {'Generation': 33, 'Best Cost': np.float64(2.4324100724478357)}, {'Generation': 34, 'Best Cost': np.float64(2.4324100724478357)}, {'Generation': 35, 'Best Cost': np.float64(2.4324100724478357)}, {'Generation': 36, 'Best Cost': np.float64(2.4324100724478357)}, {'Generation': 37, 'Best Cost': np.float64(2.4324100724478357)}, {'Generation': 38, 'Best Cost': np.float64(2.4324100724478357)}, {'Generation': 39, 'Best Cost': np.float64(2.4324100724478357)}]"
0,5,14100630.0,14062500.0,2.092769076252572,matrices/5_random_adj_mat_2.txt,"[{'Generation': 0, 'Best Cost': np.float64(2.100992222549241)}, {'Generation': 0, 'Best Cost': np.float64(2.092769076252572)}, {'Generation': 1, 'Best Cost': np.float64(2.092769076252572)}, {'Generation': 2, 'Best Cost': np.float64(2.092769076252572)}, {'Generation': 3, 'Best Cost': np.float64(2.092769076252572)}, {'Generation': 4, 'Best Cost': np.float64(2.092769076252572)}, {'Generation': 5, 'Best Cost': np.float64(2.092769076252572)}, {'Generation': 6, 'Best Cost': np.float64(2.092769076252572)}, {'Generation': 7, 'Best Cost': np.float64(2.092769076252572)}, {'Generation': 8, 'Best Cost': np.float64(2.092769076252572)}, {'Generation': 9, 'Best Cost': np.float64(2.092769076252572)}, {'Generation': 10, 'Best Cost': np.float64(2.092769076252572)}, {'Generation': 11, 'Best Cost': np.float64(2.092769076252572)}, {'Generation': 12, 'Best Cost': np.float64(2.092769076252572)}, {'Generation': 13, 'Best Cost': np.float64(2.092769076252572)}, {'Generation': 14, 'Best Cost': np.float64(2.092769076252572)}, {'Generation': 15, 'Best Cost': np.float64(2.092769076252572)}, {'Generation': 16, 'Best Cost': np.float64(2.092769076252572)}, {'Generation': 17, 'Best Cost': np.float64(2.092769076252572)}, {'Generation': 18, 'Best Cost': np.float64(2.092769076252572)}, {'Generation': 19, 'Best Cost': np.float64(2.092769076252572)}, {'Generation': 20, 'Best Cost': np.float64(2.092769076252572)}, {'Generation': 21, 'Best Cost': np.float64(2.092769076252572)}, {'Generation': 22, 'Best Cost': np.float64(2.092769076252572)}, {'Generation': 23, 'Best Cost': np.float64(2.092769076252572)}, {'Generation': 24, 'Best Cost': np.float64(2.092769076252572)}, {'Generation': 25, 'Best Cost': np.float64(2.092769076252572)}, {'Generation': 26, 'Best Cost': np.float64(2.092769076252572)}, {'Generation': 27, 'Best Cost': np.float64(2.092769076252572)}, {'Generation': 28, 'Best Cost': np.float64(2.092769076252572)}, {'Generation': 29, 'Best Cost': np.float64(2.092769076252572)}, {'Generation': 30, 'Best Cost': np.float64(2.092769076252572)}, {'Generation': 31, 'Best Cost': np.float64(2.092769076252572)}, {'Generation': 32, 'Best Cost': np.float64(2.092769076252572)}, {'Generation': 33, 'Best Cost': np.float64(2.092769076252572)}, {'Generation': 34, 'Best Cost': np.float64(2.092769076252572)}, {'Generation': 35, 'Best Cost': np.float64(2.092769076252572)}, {'Generation': 36, 'Best Cost': np.float64(2.092769076252572)}, {'Generation': 37, 'Best Cost': np.float64(2.092769076252572)}, {'Generation': 38, 'Best Cost': np.float64(2.092769076252572)}, {'Generation': 39, 'Best Cost': np.float64(2.092769076252572)}]"
0,5,14351390.0,15625000.0,1.730408540073093,matrices/5_random_adj_mat_3.txt,"[{'Generation': 0, 'Best Cost': np.float64(1.730408540073093)}, {'Generation': 0, 'Best Cost': np.float64(1.730408540073093)}, {'Generation': 1, 'Best Cost': np.float64(1.730408540073093)}, {'Generation': 2, 'Best Cost': np.float64(1.730408540073093)}, {'Generation': 3, 'Best Cost': np.float64(1.730408540073093)}, {'Generation': 4, 'Best Cost': np.float64(1.730408540073093)}, {'Generation': 5, 'Best Cost': np.float64(1.730408540073093)}, {'Generation': 6, 'Best Cost': np.float64(1.730408540073093)}, {'Generation': 7, 'Best Cost': np.float64(1.730408540073093)}, {'Generation': 8, 'Best Cost': np.float64(1.730408540073093)}, {'Generation': 9, 'Best Cost': np.float64(1.730408540073093)}, {'Generation': 10, 'Best Cost': np.float64(1.730408540073093)}, {'Generation': 11, 'Best Cost': np.float64(1.730408540073093)}, {'Generation': 12, 'Best Cost': np.float64(1.730408540073093)}, {'Generation': 13, 'Best Cost': np.float64(1.730408540073093)}, {'Generation': 14, 'Best Cost': np.float64(1.730408540073093)}, {'Generation': 15, 'Best Cost': np.float64(1.730408540073093)}, {'Generation': 16, 'Best Cost': np.float64(1.730408540073093)}, {'Generation': 17, 'Best Cost': np.float64(1.730408540073093)}, {'Generation': 18, 'Best Cost': np.float64(1.730408540073093)}, {'Generation': 19, 'Best Cost': np.float64(1.730408540073093)}, {'Generation': 20, 'Best Cost': np.float64(1.730408540073093)}, {'Generation': 21, 'Best Cost': np.float64(1.730408540073093)}, {'Generation': 22, 'Best Cost': np.float64(1.730408540073093)}, {'Generation': 23, 'Best Cost': np.float64(1.730408540073093)}, {'Generation': 24, 'Best Cost': np.float64(1.730408540073093)}, {'Generation': 25, 'Best Cost': np.float64(1.730408540073093)}, {'Generation': 26, 'Best Cost': np.float64(1.730408540073093)}, {'Generation': 27, 'Best Cost': np.float64(1.730408540073093)}, {'Generation': 28, 'Best Cost': np.float64(1.730408540073093)}, {'Generation': 29, 'Best Cost': np.float64(1.730408540073093)}, {'Generation': 30, 'Best Cost': np.float64(1.730408540073093)}, {'Generation': 31, 'Best Cost': np.float64(1.730408540073093)}, {'Generation': 32, 'Best Cost': np.float64(1.730408540073093)}, {'Generation': 33, 'Best Cost': np.float64(1.730408540073093)}, {'Generation': 34, 'Best Cost': np.float64(1.730408540073093)}, {'Generation': 35, 'Best Cost': np.float64(1.730408540073093)}, {'Generation': 36, 'Best Cost': np.float64(1.730408540073093)}, {'Generation': 37, 'Best Cost': np.float64(1.730408540073093)}, {'Generation': 38, 'Best Cost': np.float64(1.730408540073093)}, {'Generation': 39, 'Best Cost': np.float64(1.730408540073093)}]"
0,5,14047480.0,14062500.0,1.8381227481602793,matrices/5_random_adj_mat_4.txt,"[{'Generation': 0, 'Best Cost': np.float64(1.8381227481602793)}, {'Generation': 0, 'Best Cost': np.float64(1.8381227481602793)}, {'Generation': 1, 'Best Cost': np.float64(1.8381227481602793)}, {'Generation': 2, 'Best Cost': np.float64(1.8381227481602793)}, {'Generation': 3, 'Best Cost': np.float64(1.8381227481602793)}, {'Generation': 4, 'Best Cost': np.float64(1.8381227481602793)}, {'Generation': 5, 'Best Cost': np.float64(1.8381227481602793)}, {'Generation': 6, 'Best Cost': np.float64(1.8381227481602793)}, {'Generation': 7, 'Best Cost': np.float64(1.8381227481602793)}, {'Generation': 8, 'Best Cost': np.float64(1.8381227481602793)}, {'Generation': 9, 'Best Cost': np.float64(1.8381227481602793)}, {'Generation': 10, 'Best Cost': np.float64(1.8381227481602793)}, {'Generation': 11, 'Best Cost': np.float64(1.8381227481602793)}, {'Generation': 12, 'Best Cost': np.float64(1.8381227481602793)}, {'Generation': 13, 'Best Cost': np.float64(1.8381227481602793)}, {'Generation': 14, 'Best Cost': np.float64(1.8381227481602793)}, {'Generation': 15, 'Best Cost': np.float64(1.8381227481602793)}, {'Generation': 16, 'Best Cost': np.float64(1.8381227481602793)}, {'Generation': 17, 'Best Cost': np.float64(1.8381227481602793)}, {'Generation': 18, 'Best Cost': np.float64(1.8381227481602793)}, {'Generation': 19, 'Best Cost': np.float64(1.8381227481602793)}, {'Generation': 20, 'Best Cost': np.float64(1.8381227481602793)}, {'Generation': 21, 'Best Cost': np.float64(1.8381227481602793)}, {'Generation': 22, 'Best Cost': np.float64(1.8381227481602793)}, {'Generation': 23, 'Best Cost': np.float64(1.8381227481602793)}, {'Generation': 24, 'Best Cost': np.float64(1.8381227481602793)}, {'Generation': 25, 'Best Cost': np.float64(1.8381227481602793)}, {'Generation': 26, 'Best Cost': np.float64(1.8381227481602793)}, {'Generation': 27, 'Best Cost': np.float64(1.8381227481602793)}, {'Generation': 28, 'Best Cost': np.float64(1.8381227481602793)}, {'Generation': 29, 'Best Cost': np.float64(1.8381227481602793)}, {'Generation': 30, 'Best Cost': np.float64(1.8381227481602793)}, {'Generation': 31, 'Best Cost': np.float64(1.8381227481602793)}, {'Generation': 32, 'Best Cost': np.float64(1.8381227481602793)}, {'Generation': 33, 'Best Cost': np.float64(1.8381227481602793)}, {'Generation': 34, 'Best Cost': np.float64(1.8381227481602793)}, {'Generation': 35, 'Best Cost': np.float64(1.8381227481602793)}, {'Generation': 36, 'Best Cost': np.float64(1.8381227481602793)}, {'Generation': 37, 'Best Cost': np.float64(1.8381227481602793)}, {'Generation': 38, 'Best Cost': np.float64(1.8381227481602793)}, {'Generation': 39, 'Best Cost': np.float64(1.8381227481602793)}]"
0,5,14337850.0,14062500.0,2.907493662653474,matrices/5_random_adj_mat_5.txt,"[{'Generation': 0, 'Best Cost': np.float64(2.907493662653474)}, {'Generation': 0, 'Best Cost': np.float64(2.907493662653474)}, {'Generation': 1, 'Best Cost': np.float64(2.907493662653474)}, {'Generation': 2, 'Best Cost': np.float64(2.907493662653474)}, {'Generation': 3, 'Best Cost': np.float64(2.907493662653474)}, {'Generation': 4, 'Best Cost': np.float64(2.907493662653474)}, {'Generation': 5, 'Best Cost': np.float64(2.907493662653474)}, {'Generation': 6, 'Best Cost': np.float64(2.907493662653474)}, {'Generation': 7, 'Best Cost': np.float64(2.907493662653474)}, {'Generation': 8, 'Best Cost': np.float64(2.907493662653474)}, {'Generation': 9, 'Best Cost': np.float64(2.907493662653474)}, {'Generation': 10, 'Best Cost': np.float64(2.907493662653474)}, {'Generation': 11, 'Best Cost': np.float64(2.907493662653474)}, {'Generation': 12, 'Best Cost': np.float64(2.907493662653474)}, {'Generation': 13, 'Best Cost': np.float64(2.907493662653474)}, {'Generation': 14, 'Best Cost': np.float64(2.907493662653474)}, {'Generation': 15, 'Best Cost': np.float64(2.907493662653474)}, {'Generation': 16, 'Best Cost': np.float64(2.907493662653474)}, {'Generation': 17, 'Best Cost': np.float64(2.907493662653474)}, {'Generation': 18, 'Best Cost': np.float64(2.907493662653474)}, {'Generation': 19, 'Best Cost': np.float64(2.907493662653474)}, {'Generation': 20, 'Best Cost': np.float64(2.907493662653474)}, {'Generation': 21, 'Best Cost': np.float64(2.907493662653474)}, {'Generation': 22, 'Best Cost': np.float64(2.907493662653474)}, {'Generation': 23, 'Best Cost': np.float64(2.907493662653474)}, {'Generation': 24, 'Best Cost': np.float64(2.907493662653474)}, {'Generation': 25, 'Best Cost': np.float64(2.907493662653474)}, {'Generation': 26, 'Best Cost': np.float64(2.907493662653474)}, {'Generation': 27, 'Best Cost': np.float64(2.907493662653474)}, {'Generation': 28, 'Best Cost': np.float64(2.907493662653474)}, {'Generation': 29, 'Best Cost': np.float64(2.907493662653474)}, {'Generation': 30, 'Best Cost': np.float64(2.907493662653474)}, {'Generation': 31, 'Best Cost': np.float64(2.907493662653474)}, {'Generation': 32, 'Best Cost': np.float64(2.907493662653474)}, {'Generation': 33, 'Best Cost': np.float64(2.907493662653474)}, {'Generation': 34, 'Best Cost': np.float64(2.907493662653474)}, {'Generation': 35, 'Best Cost': np.float64(2.907493662653474)}, {'Generation': 36, 'Best Cost': np.float64(2.907493662653474)}, {'Generation': 37, 'Best Cost': np.float64(2.907493662653474)}, {'Generation': 38, 'Best Cost': np.float64(2.907493662653474)}, {'Generation': 39, 'Best Cost': np.float64(2.907493662653474)}]"
0,5,14238190.0,14062500.0,2.907678316977325,matrices/5_random_adj_mat_6.txt,"[{'Generation': 0, 'Best Cost': np.float64(2.907678316977325)}, {'Generation': 0, 'Best Cost': np.float64(2.907678316977325)}, {'Generation': 1, 'Best Cost': np.float64(2.907678316977325)}, {'Generation': 2, 'Best Cost': np.float64(2.907678316977325)}, {'Generation': 3, 'Best Cost': np.float64(2.907678316977325)}, {'Generation': 4, 'Best Cost': np.float64(2.907678316977325)}, {'Generation': 5, 'Best Cost': np.float64(2.907678316977325)}, {'Generation': 6, 'Best Cost': np.float64(2.907678316977325)}, {'Generation': 7, 'Best Cost': np.float64(2.907678316977325)}, {'Generation': 8, 'Best Cost': np.float64(2.907678316977325)}, {'Generation': 9, 'Best Cost': np.float64(2.907678316977325)}, {'Generation': 10, 'Best Cost': np.float64(2.907678316977325)}, {'Generation': 11, 'Best Cost': np.float64(2.907678316977325)}, {'Generation': 12, 'Best Cost': np.float64(2.907678316977325)}, {'Generation': 13, 'Best Cost': np.float64(2.907678316977325)}, {'Generation': 14, 'Best Cost': np.float64(2.907678316977325)}, {'Generation': 15, 'Best Cost': np.float64(2.907678316977325)}, {'Generation': 16, 'Best Cost': np.float64(2.907678316977325)}, {'Generation': 17, 'Best Cost': np.float64(2.907678316977325)}, {'Generation': 18, 'Best Cost': np.float64(2.907678316977325)}, {'Generation': 19, 'Best Cost': np.float64(2.907678316977325)}, {'Generation': 20, 'Best Cost': np.float64(2.907678316977325)}, {'Generation': 21, 'Best Cost': np.float64(2.907678316977325)}, {'Generation': 22, 'Best Cost': np.float64(2.907678316977325)}, {'Generation': 23, 'Best Cost': np.float64(2.907678316977325)}, {'Generation': 24, 'Best Cost': np.float64(2.907678316977325)}, {'Generation': 25, 'Best Cost': np.float64(2.907678316977325)}, {'Generation': 26, 'Best Cost': np.float64(2.907678316977325)}, {'Generation': 27, 'Best Cost': np.float64(2.907678316977325)}, {'Generation': 28, 'Best Cost': np.float64(2.907678316977325)}, {'Generation': 29, 'Best Cost': np.float64(2.907678316977325)}, {'Generation': 30, 'Best Cost': np.float64(2.907678316977325)}, {'Generation': 31, 'Best Cost': np.float64(2.907678316977325)}, {'Generation': 32, 'Best Cost': np.float64(2.907678316977325)}, {'Generation': 33, 'Best Cost': np.float64(2.907678316977325)}, {'Generation': 34, 'Best Cost': np.float64(2.907678316977325)}, {'Generation': 35, 'Best Cost': np.float64(2.907678316977325)}, {'Generation': 36, 'Best Cost': np.float64(2.907678316977325)}, {'Generation': 37, 'Best Cost': np.float64(2.907678316977325)}, {'Generation': 38, 'Best Cost': np.float64(2.907678316977325)}, {'Generation': 39, 'Best Cost': np.float64(2.907678316977325)}]"
0,5,14313910.0,14062500.0,2.72738402847107,matrices/5_random_adj_mat_7.txt,"[{'Generation': 0, 'Best Cost': np.float64(2.7273840284710706)}, {'Generation': 0, 'Best Cost': np.float64(2.7273840284710706)}, {'Generation': 1, 'Best Cost': np.float64(2.72738402847107)}, {'Generation': 2, 'Best Cost': np.float64(2.72738402847107)}, {'Generation': 3, 'Best Cost': np.float64(2.72738402847107)}, {'Generation': 4, 'Best Cost': np.float64(2.72738402847107)}, {'Generation': 5, 'Best Cost': np.float64(2.72738402847107)}, {'Generation': 6, 'Best Cost': np.float64(2.72738402847107)}, {'Generation': 7, 'Best Cost': np.float64(2.72738402847107)}, {'Generation': 8, 'Best Cost': np.float64(2.72738402847107)}, {'Generation': 9, 'Best Cost': np.float64(2.72738402847107)}, {'Generation': 10, 'Best Cost': np.float64(2.72738402847107)}, {'Generation': 11, 'Best Cost': np.float64(2.72738402847107)}, {'Generation': 12, 'Best Cost': np.float64(2.72738402847107)}, {'Generation': 13, 'Best Cost': np.float64(2.72738402847107)}, {'Generation': 14, 'Best Cost': np.float64(2.72738402847107)}, {'Generation': 15, 'Best Cost': np.float64(2.72738402847107)}, {'Generation': 16, 'Best Cost': np.float64(2.72738402847107)}, {'Generation': 17, 'Best Cost': np.float64(2.72738402847107)}, {'Generation': 18, 'Best Cost': np.float64(2.72738402847107)}, {'Generation': 19, 'Best Cost': np.float64(2.72738402847107)}, {'Generation': 20, 'Best Cost': np.float64(2.72738402847107)}, {'Generation': 21, 'Best Cost': np.float64(2.72738402847107)}, {'Generation': 22, 'Best Cost': np.float64(2.72738402847107)}, {'Generation': 23, 'Best Cost': np.float64(2.72738402847107)}, {'Generation': 24, 'Best Cost': np.float64(2.72738402847107)}, {'Generation': 25, 'Best Cost': np.float64(2.72738402847107)}, {'Generation': 26, 'Best Cost': np.float64(2.72738402847107)}, {'Generation': 27, 'Best Cost': np.float64(2.72738402847107)}, {'Generation': 28, 'Best Cost': np.float64(2.72738402847107)}, {'Generation': 29, 'Best Cost': np.float64(2.72738402847107)}, {'Generation': 30, 'Best Cost': np.float64(2.72738402847107)}, {'Generation': 31, 'Best Cost': np.float64(2.72738402847107)}, {'Generation': 32, 'Best Cost': np.float64(2.72738402847107)}, {'Generation': 33, 'Best Cost': np.float64(2.72738402847107)}, {'Generation': 34, 'Best Cost': np.float64(2.72738402847107)}, {'Generation': 35, 'Best Cost': np.float64(2.72738402847107)}, {'Generation': 36, 'Best Cost': np.float64(2.72738402847107)}, {'Generation': 37, 'Best Cost': np.float64(2.72738402847107)}, {'Generation': 38, 'Best Cost': np.float64(2.72738402847107)}, {'Generation': 39, 'Best Cost': np.float64(2.72738402847107)}]"
0,5,14153740.0,14062500.0,2.1307530483783985,matrices/5_random_adj_mat_8.txt,"[{'Generation': 0, 'Best Cost': np.float64(2.1307530483783985)}, {'Generation': 0, 'Best Cost': np.float64(2.1307530483783985)}, {'Generation': 1, 'Best Cost': np.float64(2.1307530483783985)}, {'Generation': 2, 'Best Cost': np.float64(2.1307530483783985)}, {'Generation': 3, 'Best Cost': np.float64(2.1307530483783985)}, {'Generation': 4, 'Best Cost': np.float64(2.1307530483783985)}, {'Generation': 5, 'Best Cost': np.float64(2.1307530483783985)}, {'Generation': 6, 'Best Cost': np.float64(2.1307530483783985)}, {'Generation': 7, 'Best Cost': np.float64(2.1307530483783985)}, {'Generation': 8, 'Best Cost': np.float64(2.1307530483783985)}, {'Generation': 9, 'Best Cost': np.float64(2.1307530483783985)}, {'Generation': 10, 'Best Cost': np.float64(2.1307530483783985)}, {'Generation': 11, 'Best Cost': np.float64(2.1307530483783985)}, {'Generation': 12, 'Best Cost': np.float64(2.1307530483783985)}, {'Generation': 13, 'Best Cost': np.float64(2.1307530483783985)}, {'Generation': 14, 'Best Cost': np.float64(2.1307530483783985)}, {'Generation': 15, 'Best Cost': np.float64(2.1307530483783985)}, {'Generation': 16, 'Best Cost': np.float64(2.1307530483783985)}, {'Generation': 17, 'Best Cost': np.float64(2.1307530483783985)}, {'Generation': 18, 'Best Cost': np.float64(2.1307530483783985)}, {'Generation': 19, 'Best Cost': np.float64(2.1307530483783985)}, {'Generation': 20, 'Best Cost': np.float64(2.1307530483783985)}, {'Generation': 21, 'Best Cost': np.float64(2.1307530483783985)}, {'Generation': 22, 'Best Cost': np.float64(2.1307530483783985)}, {'Generation': 23, 'Best Cost': np.float64(2.1307530483783985)}, {'Generation': 24, 'Best Cost': np.float64(2.1307530483783985)}, {'Generation': 25, 'Best Cost': np.float64(2.1307530483783985)}, {'Generation': 26, 'Best Cost': np.float64(2.1307530483783985)}, {'Generation': 27, 'Best Cost': np.float64(2.1307530483783985)}, {'Generation': 28, 'Best Cost': np.float64(2.1307530483783985)}, {'Generation': 29, 'Best Cost': np.float64(2.1307530483783985)}, {'Generation': 30, 'Best Cost': np.float64(2.1307530483783985)}, {'Generation': 31, 'Best Cost': np.float64(2.1307530483783985)}, {'Generation': 32, 'Best Cost': np.float64(2.1307530483783985)}, {'Generation': 33, 'Best Cost': np.float64(2.1307530483783985)}, {'Generation': 34, 'Best Cost': np.float64(2.1307530483783985)}, {'Generation': 35, 'Best Cost': np.float64(2.1307530483783985)}, {'Generation': 36, 'Best Cost': np.float64(2.1307530483783985)}, {'Generation': 37, 'Best Cost': np.float64(2.1307530483783985)}, {'Generation': 38, 'Best Cost': np.float64(2.1307530483783985)}, {'Generation': 39, 'Best Cost': np.float64(2.1307530483783985)}]"
0,5,14187100.0,14062500.0,2.616055718212318,matrices/5_random_adj_mat_9.txt,"[{'Generation': 0, 'Best Cost': np.float64(2.616055718212318)}, {'Generation': 0, 'Best Cost': np.float64(2.616055718212318)}, {'Generation': 1, 'Best Cost': np.float64(2.616055718212318)}, {'Generation': 2, 'Best Cost': np.float64(2.616055718212318)}, {'Generation': 3, 'Best Cost': np.float64(2.616055718212318)}, {'Generation': 4, 'Best Cost': np.float64(2.616055718212318)}, {'Generation': 5, 'Best Cost': np.float64(2.616055718212318)}, {'Generation': 6, 'Best Cost': np.float64(2.616055718212318)}, {'Generation': 7, 'Best Cost': np.float64(2.616055718212318)}, {'Generation': 8, 'Best Cost': np.float64(2.616055718212318)}, {'Generation': 9, 'Best Cost': np.float64(2.616055718212318)}, {'Generation': 10, 'Best Cost': np.float64(2.616055718212318)}, {'Generation': 11, 'Best Cost': np.float64(2.616055718212318)}, {'Generation': 12, 'Best Cost': np.float64(2.616055718212318)}, {'Generation': 13, 'Best Cost': np.float64(2.616055718212318)}, {'Generation': 14, 'Best Cost': np.float64(2.616055718212318)}, {'Generation': 15, 'Best Cost': np.float64(2.616055718212318)}, {'Generation': 16, 'Best Cost': np.float64(2.616055718212318)}, {'Generation': 17, 'Best Cost': np.float64(2.616055718212318)}, {'Generation': 18, 'Best Cost': np.float64(2.616055718212318)}, {'Generation': 19, 'Best Cost': np.float64(2.616055718212318)}, {'Generation': 20, 'Best Cost': np.float64(2.616055718212318)}, {'Generation': 21, 'Best Cost': np.float64(2.616055718212318)}, {'Generation': 22, 'Best Cost': np.float64(2.616055718212318)}, {'Generation': 23, 'Best Cost': np.float64(2.616055718212318)}, {'Generation': 24, 'Best Cost': np.float64(2.616055718212318)}, {'Generation': 25, 'Best Cost': np.float64(2.616055718212318)}, {'Generation': 26, 'Best Cost': np.float64(2.616055718212318)}, {'Generation': 27, 'Best Cost': np.float64(2.616055718212318)}, {'Generation': 28, 'Best Cost': np.float64(2.616055718212318)}, {'Generation': 29, 'Best Cost': np.float64(2.616055718212318)}, {'Generation': 30, 'Best Cost': np.float64(2.616055718212318)}, {'Generation': 31, 'Best Cost': np.float64(2.616055718212318)}, {'Generation': 32, 'Best Cost': np.float64(2.616055718212318)}, {'Generation': 33, 'Best Cost': np.float64(2.616055718212318)}, {'Generation': 34, 'Best Cost': np.float64(2.616055718212318)}, {'Generation': 35, 'Best Cost': np.float64(2.616055718212318)}, {'Generation': 36, 'Best Cost': np.float64(2.616055718212318)}, {'Generation': 37, 'Best Cost': np.float64(2.616055718212318)}, {'Generation': 38, 'Best Cost': np.float64(2.616055718212318)}, {'Generation': 39, 'Best Cost': np.float64(2.616055718212318)}]"
0,6,16958130.0,17187500.0,2.6549481998199593,matrices/6_random_adj_mat_0.txt,"[{'Generation': 0, 'Best Cost': np.float64(2.8203083008284406)}, {'Generation': 0, 'Best Cost': np.float64(2.6603705791553898)}, {'Generation': 1, 'Best Cost': np.float64(2.6549481998199593)}, {'Generation': 2, 'Best Cost': np.float64(2.6549481998199593)}, {'Generation': 3, 'Best Cost': np.float64(2.6549481998199593)}, {'Generation': 4, 'Best Cost': np.float64(2.6549481998199593)}, {'Generation': 5, 'Best Cost': np.float64(2.6549481998199593)}, {'Generation': 6, 'Best Cost': np.float64(2.6549481998199593)}, {'Generation': 7, 'Best Cost': np.float64(2.6549481998199593)}, {'Generation': 8, 'Best Cost': np.float64(2.6549481998199593)}, {'Generation': 9, 'Best Cost': np.float64(2.6549481998199593)}, {'Generation': 10, 'Best Cost': np.float64(2.6549481998199593)}, {'Generation': 11, 'Best Cost': np.float64(2.6549481998199593)}, {'Generation': 12, 'Best Cost': np.float64(2.6549481998199593)}, {'Generation': 13, 'Best Cost': np.float64(2.6549481998199593)}, {'Generation': 14, 'Best Cost': np.float64(2.6549481998199593)}, {'Generation': 15, 'Best Cost': np.float64(2.6549481998199593)}, {'Generation': 16, 'Best Cost': np.float64(2.6549481998199593)}, {'Generation': 17, 'Best Cost': np.float64(2.6549481998199593)}, {'Generation': 18, 'Best Cost': np.float64(2.6549481998199593)}, {'Generation': 19, 'Best Cost': np.float64(2.6549481998199593)}, {'Generation': 20, 'Best Cost': np.float64(2.6549481998199593)}, {'Generation': 21, 'Best Cost': np.float64(2.6549481998199593)}, {'Generation': 22, 'Best Cost': np.float64(2.6549481998199593)}, {'Generation': 23, 'Best Cost': np.float64(2.6549481998199593)}, {'Generation': 24, 'Best Cost': np.float64(2.6549481998199593)}, {'Generation': 25, 'Best Cost': np.float64(2.6549481998199593)}, {'Generation': 26, 'Best Cost': np.float64(2.6549481998199593)}, {'Generation': 27, 'Best Cost': np.float64(2.6549481998199593)}, {'Generation': 28, 'Best Cost': np.float64(2.6549481998199593)}, {'Generation': 29, 'Best Cost': np.float64(2.6549481998199593)}, {'Generation': 30, 'Best Cost': np.float64(2.6549481998199593)}, {'Generation': 31, 'Best Cost': np.float64(2.6549481998199593)}, {'Generation': 32, 'Best Cost': np.float64(2.6549481998199593)}, {'Generation': 33, 'Best Cost': np.float64(2.6549481998199593)}, {'Generation': 34, 'Best Cost': np.float64(2.6549481998199593)}, {'Generation': 35, 'Best Cost': np.float64(2.6549481998199593)}, {'Generation': 36, 'Best Cost': np.float64(2.6549481998199593)}, {'Generation': 37, 'Best Cost': np.float64(2.6549481998199593)}, {'Generation': 38, 'Best Cost': np.float64(2.6549481998199593)}, {'Generation': 39, 'Best Cost': np.float64(2.6549481998199593)}]"
0,6,17091250.0,17187500.0,2.3857942300953416,matrices/6_random_adj_mat_1.txt,"[{'Generation': 0, 'Best Cost': np.float64(2.655692826513607)}, {'Generation': 0, 'Best Cost': np.float64(2.3857942300953416)}, {'Generation': 1, 'Best Cost': np.float64(2.3857942300953416)}, {'Generation': 2, 'Best Cost': np.float64(2.3857942300953416)}, {'Generation': 3, 'Best Cost': np.float64(2.3857942300953416)}, {'Generation': 4, 'Best Cost': np.float64(2.3857942300953416)}, {'Generation': 5, 'Best Cost': np.float64(2.3857942300953416)}, {'Generation': 6, 'Best Cost': np.float64(2.3857942300953416)}, {'Generation': 7, 'Best Cost': np.float64(2.3857942300953416)}, {'Generation': 8, 'Best Cost': np.float64(2.3857942300953416)}, {'Generation': 9, 'Best Cost': np.float64(2.3857942300953416)}, {'Generation': 10, 'Best Cost': np.float64(2.3857942300953416)}, {'Generation': 11, 'Best Cost': np.float64(2.3857942300953416)}, {'Generation': 12, 'Best Cost': np.float64(2.3857942300953416)}, {'Generation': 13, 'Best Cost': np.float64(2.3857942300953416)}, {'Generation': 14, 'Best Cost': np.float64(2.3857942300953416)}, {'Generation': 15, 'Best Cost': np.float64(2.3857942300953416)}, {'Generation': 16, 'Best Cost': np.float64(2.3857942300953416)}, {'Generation': 17, 'Best Cost': np.float64(2.3857942300953416)}, {'Generation': 18, 'Best Cost': np.float64(2.3857942300953416)}, {'Generation': 19, 'Best Cost': np.float64(2.3857942300953416)}, {'Generation': 20, 'Best Cost': np.float64(2.3857942300953416)}, {'Generation': 21, 'Best Cost': np.float64(2.3857942300953416)}, {'Generation': 22, 'Best Cost': np.float64(2.3857942300953416)}, {'Generation': 23, 'Best Cost': np.float64(2.3857942300953416)}, {'Generation': 24, 'Best Cost': np.float64(2.3857942300953416)}, {'Generation': 25, 'Best Cost': np.float64(2.3857942300953416)}, {'Generation': 26, 'Best Cost': np.float64(2.3857942300953416)}, {'Generation': 27, 'Best Cost': np.float64(2.3857942300953416)}, {'Generation': 28, 'Best Cost': np.float64(2.3857942300953416)}, {'Generation': 29, 'Best Cost': np.float64(2.3857942300953416)}, {'Generation': 30, 'Best Cost': np.float64(2.3857942300953416)}, {'Generation': 31, 'Best Cost': np.float64(2.3857942300953416)}, {'Generation': 32, 'Best Cost': np.float64(2.3857942300953416)}, {'Generation': 33, 'Best Cost': np.float64(2.3857942300953416)}, {'Generation': 34, 'Best Cost': np.float64(2.3857942300953416)}, {'Generation': 35, 'Best Cost': np.float64(2.3857942300953416)}, {'Generation': 36, 'Best Cost': np.float64(2.3857942300953416)}, {'Generation': 37, 'Best Cost': np.float64(2.3857942300953416)}, {'Generation': 38, 'Best Cost': np.float64(2.3857942300953416)}, {'Generation': 39, 'Best Cost': np.float64(2.3857942300953416)}]"
0,6,17071260.0,17187500.0,2.5826910133607814,matrices/6_random_adj_mat_2.txt,"[{'Generation': 0, 'Best Cost': np.float64(2.6451434557135416)}, {'Generation': 0, 'Best Cost': np.float64(2.6451434557135416)}, {'Generation': 1, 'Best Cost': np.float64(2.582691013360782)}, {'Generation': 2, 'Best Cost': np.float64(2.582691013360782)}, {'Generation': 3, 'Best Cost': np.float64(2.582691013360782)}, {'Generation': 4, 'Best Cost': np.float64(2.5826910133607814)}, {'Generation': 5, 'Best Cost': np.float64(2.5826910133607814)}, {'Generation': 6, 'Best Cost': np.float64(2.5826910133607814)}, {'Generation': 7, 'Best Cost': np.float64(2.5826910133607814)}, {'Generation': 8, 'Best Cost': np.float64(2.5826910133607814)}, {'Generation': 9, 'Best Cost': np.float64(2.5826910133607814)}, {'Generation': 10, 'Best Cost': np.float64(2.5826910133607814)}, {'Generation': 11, 'Best Cost': np.float64(2.5826910133607814)}, {'Generation': 12, 'Best Cost': np.float64(2.5826910133607814)}, {'Generation': 13, 'Best Cost': np.float64(2.5826910133607814)}, {'Generation': 14, 'Best Cost': np.float64(2.5826910133607814)}, {'Generation': 15, 'Best Cost': np.float64(2.5826910133607814)}, {'Generation': 16, 'Best Cost': np.float64(2.5826910133607814)}, {'Generation': 17, 'Best Cost': np.float64(2.5826910133607814)}, {'Generation': 18, 'Best Cost': np.float64(2.5826910133607814)}, {'Generation': 19, 'Best Cost': np.float64(2.5826910133607814)}, {'Generation': 20, 'Best Cost': np.float64(2.5826910133607814)}, {'Generation': 21, 'Best Cost': np.float64(2.5826910133607814)}, {'Generation': 22, 'Best Cost': np.float64(2.5826910133607814)}, {'Generation': 23, 'Best Cost': np.float64(2.5826910133607814)}, {'Generation': 24, 'Best Cost': np.float64(2.5826910133607814)}, {'Generation': 25, 'Best Cost': np.float64(2.5826910133607814)}, {'Generation': 26, 'Best Cost': np.float64(2.5826910133607814)}, {'Generation': 27, 'Best Cost': np.float64(2.5826910133607814)}, {'Generation': 28, 'Best Cost': np.float64(2.5826910133607814)}, {'Generation': 29, 'Best Cost': np.float64(2.5826910133607814)}, {'Generation': 30, 'Best Cost': np.float64(2.5826910133607814)}, {'Generation': 31, 'Best Cost': np.float64(2.5826910133607814)}, {'Generation': 32, 'Best Cost': np.float64(2.5826910133607814)}, {'Generation': 33, 'Best Cost': np.float64(2.5826910133607814)}, {'Generation': 34, 'Best Cost': np.float64(2.5826910133607814)}, {'Generation': 35, 'Best Cost': np.float64(2.5826910133607814)}, {'Generation': 36, 'Best Cost': np.float64(2.5826910133607814)}, {'Generation': 37, 'Best Cost': np.float64(2.5826910133607814)}, {'Generation': 38, 'Best Cost': np.float64(2.5826910133607814)}, {'Generation': 39, 'Best Cost': np.float64(2.5826910133607814)}]"
0,6,17133680.0,17187500.0,2.6244799553107248,matrices/6_random_adj_mat_3.txt,"[{'Generation': 0, 'Best Cost': np.float64(2.717542229134087)}, {'Generation': 0, 'Best Cost': np.float64(2.717542229134087)}, {'Generation': 1, 'Best Cost': np.float64(2.717542229134087)}, {'Generation': 2, 'Best Cost': np.float64(2.715084117393127)}, {'Generation': 3, 'Best Cost': np.float64(2.624479955310725)}, {'Generation': 4, 'Best Cost': np.float64(2.624479955310725)}, {'Generation': 5, 'Best Cost': np.float64(2.624479955310725)}, {'Generation': 6, 'Best Cost': np.float64(2.624479955310725)}, {'Generation': 7, 'Best Cost': np.float64(2.6244799553107248)}, {'Generation': 8, 'Best Cost': np.float64(2.6244799553107248)}, {'Generation': 9, 'Best Cost': np.float64(2.6244799553107248)}, {'Generation': 10, 'Best Cost': np.float64(2.6244799553107248)}, {'Generation': 11, 'Best Cost': np.float64(2.6244799553107248)}, {'Generation': 12, 'Best Cost': np.float64(2.6244799553107248)}, {'Generation': 13, 'Best Cost': np.float64(2.6244799553107248)}, {'Generation': 14, 'Best Cost': np.float64(2.6244799553107248)}, {'Generation': 15, 'Best Cost': np.float64(2.6244799553107248)}, {'Generation': 16, 'Best Cost': np.float64(2.6244799553107248)}, {'Generation': 17, 'Best Cost': np.float64(2.6244799553107248)}, {'Generation': 18, 'Best Cost': np.float64(2.6244799553107248)}, {'Generation': 19, 'Best Cost': np.float64(2.6244799553107248)}, {'Generation': 20, 'Best Cost': np.float64(2.6244799553107248)}, {'Generation': 21, 'Best Cost': np.float64(2.6244799553107248)}, {'Generation': 22, 'Best Cost': np.float64(2.6244799553107248)}, {'Generation': 23, 'Best Cost': np.float64(2.6244799553107248)}, {'Generation': 24, 'Best Cost': np.float64(2.6244799553107248)}, {'Generation': 25, 'Best Cost': np.float64(2.6244799553107248)}, {'Generation': 26, 'Best Cost': np.float64(2.6244799553107248)}, {'Generation': 27, 'Best Cost': np.float64(2.6244799553107248)}, {'Generation': 28, 'Best Cost': np.float64(2.6244799553107248)}, {'Generation': 29, 'Best Cost': np.float64(2.6244799553107248)}, {'Generation': 30, 'Best Cost': np.float64(2.6244799553107248)}, {'Generation': 31, 'Best Cost': np.float64(2.6244799553107248)}, {'Generation': 32, 'Best Cost': np.float64(2.6244799553107248)}, {'Generation': 33, 'Best Cost': np.float64(2.6244799553107248)}, {'Generation': 34, 'Best Cost': np.float64(2.6244799553107248)}, {'Generation': 35, 'Best Cost': np.float64(2.6244799553107248)}, {'Generation': 36, 'Best Cost': np.float64(2.6244799553107248)}, {'Generation': 37, 'Best Cost': np.float64(2.6244799553107248)}, {'Generation': 38, 'Best Cost': np.float64(2.6244799553107248)}, {'Generation': 39, 'Best Cost': np.float64(2.6244799553107248)}]"
0,6,17052710.0,17187500.0,2.204890873346207,matrices/6_random_adj_mat_4.txt,"[{'Generation': 0, 'Best Cost': np.float64(2.328290340189239)}, {'Generation': 0, 'Best Cost': np.float64(2.328290340189239)}, {'Generation': 1, 'Best Cost': np.float64(2.328290340189239)}, {'Generation': 2, 'Best Cost': np.float64(2.328290340189239)}, {'Generation': 3, 'Best Cost': np.float64(2.2048908733462076)}, {'Generation': 4, 'Best Cost': np.float64(2.2048908733462076)}, {'Generation': 5, 'Best Cost': np.float64(2.2048908733462076)}, {'Generation': 6, 'Best Cost': np.float64(2.204890873346207)}, {'Generation': 7, 'Best Cost': np.float64(2.204890873346207)}, {'Generation': 8, 'Best Cost': np.float64(2.204890873346207)}, {'Generation': 9, 'Best Cost': np.float64(2.204890873346207)}, {'Generation': 10, 'Best Cost': np.float64(2.204890873346207)}, {'Generation': 11, 'Best Cost': np.float64(2.204890873346207)}, {'Generation': 12, 'Best Cost': np.float64(2.204890873346207)}, {'Generation': 13, 'Best Cost': np.float64(2.204890873346207)}, {'Generation': 14, 'Best Cost': np.float64(2.204890873346207)}, {'Generation': 15, 'Best Cost': np.float64(2.204890873346207)}, {'Generation': 16, 'Best Cost': np.float64(2.204890873346207)}, {'Generation': 17, 'Best Cost': np.float64(2.204890873346207)}, {'Generation': 18, 'Best Cost': np.float64(2.204890873346207)}, {'Generation': 19, 'Best Cost': np.float64(2.204890873346207)}, {'Generation': 20, 'Best Cost': np.float64(2.204890873346207)}, {'Generation': 21, 'Best Cost': np.float64(2.204890873346207)}, {'Generation': 22, 'Best Cost': np.float64(2.204890873346207)}, {'Generation': 23, 'Best Cost': np.float64(2.204890873346207)}, {'Generation': 24, 'Best Cost': np.float64(2.204890873346207)}, {'Generation': 25, 'Best Cost': np.float64(2.204890873346207)}, {'Generation': 26, 'Best Cost': np.float64(2.204890873346207)}, {'Generation': 27, 'Best Cost': np.float64(2.204890873346207)}, {'Generation': 28, 'Best Cost': np.float64(2.204890873346207)}, {'Generation': 29, 'Best Cost': np.float64(2.204890873346207)}, {'Generation': 30, 'Best Cost': np.float64(2.204890873346207)}, {'Generation': 31, 'Best Cost': np.float64(2.204890873346207)}, {'Generation': 32, 'Best Cost': np.float64(2.204890873346207)}, {'Generation': 33, 'Best Cost': np.float64(2.204890873346207)}, {'Generation': 34, 'Best Cost': np.float64(2.204890873346207)}, {'Generation': 35, 'Best Cost': np.float64(2.204890873346207)}, {'Generation': 36, 'Best Cost': np.float64(2.204890873346207)}, {'Generation': 37, 'Best Cost': np.float64(2.204890873346207)}, {'Generation': 38, 'Best Cost': np.float64(2.204890873346207)}, {'Generation': 39, 'Best Cost': np.float64(2.204890873346207)}]"
0,6,17217630.0,17187500.0,2.1213700507683013,matrices/6_random_adj_mat_5.txt,"[{'Generation': 0, 'Best Cost': np.float64(2.5277041298557883)}, {'Generation': 0, 'Best Cost': np.float64(2.1213700507683013)}, {'Generation': 1, 'Best Cost': np.float64(2.1213700507683013)}, {'Generation': 2, 'Best Cost': np.float64(2.1213700507683013)}, {'Generation': 3, 'Best Cost': np.float64(2.1213700507683013)}, {'Generation': 4, 'Best Cost': np.float64(2.1213700507683013)}, {'Generation': 5, 'Best Cost': np.float64(2.1213700507683013)}, {'Generation': 6, 'Best Cost': np.float64(2.1213700507683013)}, {'Generation': 7, 'Best Cost': np.float64(2.1213700507683013)}, {'Generation': 8, 'Best Cost': np.float64(2.1213700507683013)}, {'Generation': 9, 'Best Cost': np.float64(2.1213700507683013)}, {'Generation': 10, 'Best Cost': np.float64(2.1213700507683013)}, {'Generation': 11, 'Best Cost': np.float64(2.1213700507683013)}, {'Generation': 12, 'Best Cost': np.float64(2.1213700507683013)}, {'Generation': 13, 'Best Cost': np.float64(2.1213700507683013)}, {'Generation': 14, 'Best Cost': np.float64(2.1213700507683013)}, {'Generation': 15, 'Best Cost': np.float64(2.1213700507683013)}, {'Generation': 16, 'Best Cost': np.float64(2.1213700507683013)}, {'Generation': 17, 'Best Cost': np.float64(2.1213700507683013)}, {'Generation': 18, 'Best Cost': np.float64(2.1213700507683013)}, {'Generation': 19, 'Best Cost': np.float64(2.1213700507683013)}, {'Generation': 20, 'Best Cost': np.float64(2.1213700507683013)}, {'Generation': 21, 'Best Cost': np.float64(2.1213700507683013)}, {'Generation': 22, 'Best Cost': np.float64(2.1213700507683013)}, {'Generation': 23, 'Best Cost': np.float64(2.1213700507683013)}, {'Generation': 24, 'Best Cost': np.float64(2.1213700507683013)}, {'Generation': 25, 'Best Cost': np.float64(2.1213700507683013)}, {'Generation': 26, 'Best Cost': np.float64(2.1213700507683013)}, {'Generation': 27, 'Best Cost': np.float64(2.1213700507683013)}, {'Generation': 28, 'Best Cost': np.float64(2.1213700507683013)}, {'Generation': 29, 'Best Cost': np.float64(2.1213700507683013)}, {'Generation': 30, 'Best Cost': np.float64(2.1213700507683013)}, {'Generation': 31, 'Best Cost': np.float64(2.1213700507683013)}, {'Generation': 32, 'Best Cost': np.float64(2.1213700507683013)}, {'Generation': 33, 'Best Cost': np.float64(2.1213700507683013)}, {'Generation': 34, 'Best Cost': np.float64(2.1213700507683013)}, {'Generation': 35, 'Best Cost': np.float64(2.1213700507683013)}, {'Generation': 36, 'Best Cost': np.float64(2.1213700507683013)}, {'Generation': 37, 'Best Cost': np.float64(2.1213700507683013)}, {'Generation': 38, 'Best Cost': np.float64(2.1213700507683013)}, {'Generation': 39, 'Best Cost': np.float64(2.1213700507683013)}]"
0,6,17106330.0,17187500.0,1.7547496920325507,matrices/6_random_adj_mat_6.txt,"[{'Generation': 0, 'Best Cost': np.float64(1.7547496920325507)}, {'Generation': 0, 'Best Cost': np.float64(1.7547496920325507)}, {'Generation': 1, 'Best Cost': np.float64(1.7547496920325507)}, {'Generation': 2, 'Best Cost': np.float64(1.7547496920325507)}, {'Generation': 3, 'Best Cost': np.float64(1.7547496920325507)}, {'Generation': 4, 'Best Cost': np.float64(1.7547496920325507)}, {'Generation': 5, 'Best Cost': np.float64(1.7547496920325507)}, {'Generation': 6, 'Best Cost': np.float64(1.7547496920325507)}, {'Generation': 7, 'Best Cost': np.float64(1.7547496920325507)}, {'Generation': 8, 'Best Cost': np.float64(1.7547496920325507)}, {'Generation': 9, 'Best Cost': np.float64(1.7547496920325507)}, {'Generation': 10, 'Best Cost': np.float64(1.7547496920325507)}, {'Generation': 11, 'Best Cost': np.float64(1.7547496920325507)}, {'Generation': 12, 'Best Cost': np.float64(1.7547496920325507)}, {'Generation': 13, 'Best Cost': np.float64(1.7547496920325507)}, {'Generation': 14, 'Best Cost': np.float64(1.7547496920325507)}, {'Generation': 15, 'Best Cost': np.float64(1.7547496920325507)}, {'Generation': 16, 'Best Cost': np.float64(1.7547496920325507)}, {'Generation': 17, 'Best Cost': np.float64(1.7547496920325507)}, {'Generation': 18, 'Best Cost': np.float64(1.7547496920325507)}, {'Generation': 19, 'Best Cost': np.float64(1.7547496920325507)}, {'Generation': 20, 'Best Cost': np.float64(1.7547496920325507)}, {'Generation': 21, 'Best Cost': np.float64(1.7547496920325507)}, {'Generation': 22, 'Best Cost': np.float64(1.7547496920325507)}, {'Generation': 23, 'Best Cost': np.float64(1.7547496920325507)}, {'Generation': 24, 'Best Cost': np.float64(1.7547496920325507)}, {'Generation': 25, 'Best Cost': np.float64(1.7547496920325507)}, {'Generation': 26, 'Best Cost': np.float64(1.7547496920325507)}, {'Generation': 27, 'Best Cost': np.float64(1.7547496920325507)}, {'Generation': 28, 'Best Cost': np.float64(1.7547496920325507)}, {'Generation': 29, 'Best Cost': np.float64(1.7547496920325507)}, {'Generation': 30, 'Best Cost': np.float64(1.7547496920325507)}, {'Generation': 31, 'Best Cost': np.float64(1.7547496920325507)}, {'Generation': 32, 'Best Cost': np.float64(1.7547496920325507)}, {'Generation': 33, 'Best Cost': np.float64(1.7547496920325507)}, {'Generation': 34, 'Best Cost': np.float64(1.7547496920325507)}, {'Generation': 35, 'Best Cost': np.float64(1.7547496920325507)}, {'Generation': 36, 'Best Cost': np.float64(1.7547496920325507)}, {'Generation': 37, 'Best Cost': np.float64(1.7547496920325507)}, {'Generation': 38, 'Best Cost': np.float64(1.7547496920325507)}, {'Generation': 39, 'Best Cost': np.float64(1.7547496920325507)}]"
0,6,17202670.0,17187500.0,1.9668510853745371,matrices/6_random_adj_mat_7.txt,"[{'Generation': 0, 'Best Cost': np.float64(2.263228816228412)}, {'Generation': 0, 'Best Cost': np.float64(1.9668510853745373)}, {'Generation': 1, 'Best Cost': np.float64(1.9668510853745373)}, {'Generation': 2, 'Best Cost': np.float64(1.9668510853745373)}, {'Generation': 3, 'Best Cost': np.float64(1.9668510853745373)}, {'Generation': 4, 'Best Cost': np.float64(1.9668510853745373)}, {'Generation': 5, 'Best Cost': np.float64(1.9668510853745371)}, {'Generation': 6, 'Best Cost': np.float64(1.9668510853745371)}, {'Generation': 7, 'Best Cost': np.float64(1.9668510853745371)}, {'Generation': 8, 'Best Cost': np.float64(1.9668510853745371)}, {'Generation': 9, 'Best Cost': np.float64(1.9668510853745371)}, {'Generation': 10, 'Best Cost': np.float64(1.9668510853745371)}, {'Generation': 11, 'Best Cost': np.float64(1.9668510853745371)}, {'Generation': 12, 'Best Cost': np.float64(1.9668510853745371)}, {'Generation': 13, 'Best Cost': np.float64(1.9668510853745371)}, {'Generation': 14, 'Best Cost': np.float64(1.9668510853745371)}, {'Generation': 15, 'Best Cost': np.float64(1.9668510853745371)}, {'Generation': 16, 'Best Cost': np.float64(1.9668510853745371)}, {'Generation': 17, 'Best Cost': np.float64(1.9668510853745371)}, {'Generation': 18, 'Best Cost': np.float64(1.9668510853745371)}, {'Generation': 19, 'Best Cost': np.float64(1.9668510853745371)}, {'Generation': 20, 'Best Cost': np.float64(1.9668510853745371)}, {'Generation': 21, 'Best Cost': np.float64(1.9668510853745371)}, {'Generation': 22, 'Best Cost': np.float64(1.9668510853745371)}, {'Generation': 23, 'Best Cost': np.float64(1.9668510853745371)}, {'Generation': 24, 'Best Cost': np.float64(1.9668510853745371)}, {'Generation': 25, 'Best Cost': np.float64(1.9668510853745371)}, {'Generation': 26, 'Best Cost': np.float64(1.9668510853745371)}, {'Generation': 27, 'Best Cost': np.float64(1.9668510853745371)}, {'Generation': 28, 'Best Cost': np.float64(1.9668510853745371)}, {'Generation': 29, 'Best Cost': np.float64(1.9668510853745371)}, {'Generation': 30, 'Best Cost': np.float64(1.9668510853745371)}, {'Generation': 31, 'Best Cost': np.float64(1.9668510853745371)}, {'Generation': 32, 'Best Cost': np.float64(1.9668510853745371)}, {'Generation': 33, 'Best Cost': np.float64(1.9668510853745371)}, {'Generation': 34, 'Best Cost': np.float64(1.9668510853745371)}, {'Generation': 35, 'Best Cost': np.float64(1.9668510853745371)}, {'Generation': 36, 'Best Cost': np.float64(1.9668510853745371)}, {'Generation': 37, 'Best Cost': np.float64(1.9668510853745371)}, {'Generation': 38, 'Best Cost': np.float64(1.9668510853745371)}, {'Generation': 39, 'Best Cost': np.float64(1.9668510853745371)}]"
0,6,17093260.0,17187500.0,2.4785680059775683,matrices/6_random_adj_mat_8.txt,"[{'Generation': 0, 'Best Cost': np.float64(2.4785680059775688)}, {'Generation': 0, 'Best Cost': np.float64(2.4785680059775688)}, {'Generation': 1, 'Best Cost': np.float64(2.4785680059775688)}, {'Generation': 2, 'Best Cost': np.float64(2.4785680059775688)}, {'Generation': 3, 'Best Cost': np.float64(2.4785680059775688)}, {'Generation': 4, 'Best Cost': np.float64(2.4785680059775688)}, {'Generation': 5, 'Best Cost': np.float64(2.4785680059775688)}, {'Generation': 6, 'Best Cost': np.float64(2.4785680059775688)}, {'Generation': 7, 'Best Cost': np.float64(2.4785680059775688)}, {'Generation': 8, 'Best Cost': np.float64(2.4785680059775688)}, {'Generation': 9, 'Best Cost': np.float64(2.4785680059775688)}, {'Generation': 10, 'Best Cost': np.float64(2.4785680059775688)}, {'Generation': 11, 'Best Cost': np.float64(2.4785680059775683)}, {'Generation': 12, 'Best Cost': np.float64(2.4785680059775683)}, {'Generation': 13, 'Best Cost': np.float64(2.4785680059775683)}, {'Generation': 14, 'Best Cost': np.float64(2.4785680059775683)}, {'Generation': 15, 'Best Cost': np.float64(2.4785680059775683)}, {'Generation': 16, 'Best Cost': np.float64(2.4785680059775683)}, {'Generation': 17, 'Best Cost': np.float64(2.4785680059775683)}, {'Generation': 18, 'Best Cost': np.float64(2.4785680059775683)}, {'Generation': 19, 'Best Cost': np.float64(2.4785680059775683)}, {'Generation': 20, 'Best Cost': np.float64(2.4785680059775683)}, {'Generation': 21, 'Best Cost': np.float64(2.4785680059775683)}, {'Generation': 22, 'Best Cost': np.float64(2.4785680059775683)}, {'Generation': 23, 'Best Cost': np.float64(2.4785680059775683)}, {'Generation': 24, 'Best Cost': np.float64(2.4785680059775683)}, {'Generation': 25, 'Best Cost': np.float64(2.4785680059775683)}, {'Generation': 26, 'Best Cost': np.float64(2.4785680059775683)}, {'Generation': 27, 'Best Cost': np.float64(2.4785680059775683)}, {'Generation': 28, 'Best Cost': np.float64(2.4785680059775683)}, {'Generation': 29, 'Best Cost': np.float64(2.4785680059775683)}, {'Generation': 30, 'Best Cost': np.float64(2.4785680059775683)}, {'Generation': 31, 'Best Cost': np.float64(2.4785680059775683)}, {'Generation': 32, 'Best Cost': np.float64(2.4785680059775683)}, {'Generation': 33, 'Best Cost': np.float64(2.4785680059775683)}, {'Generation': 34, 'Best Cost': np.float64(2.4785680059775683)}, {'Generation': 35, 'Best Cost': np.float64(2.4785680059775683)}, {'Generation': 36, 'Best Cost': np.float64(2.4785680059775683)}, {'Generation': 37, 'Best Cost': np.float64(2.4785680059775683)}, {'Generation': 38, 'Best Cost': np.float64(2.4785680059775683)}, {'Generation': 39, 'Best Cost': np.float64(2.4785680059775683)}]"
0,6,17221320.0,17187500.0,2.442624832178839,matrices/6_random_adj_mat_9.txt,"[{'Generation': 0, 'Best Cost': np.float64(2.5157957129362227)}, {'Generation': 0, 'Best Cost': np.float64(2.442624832178839)}, {'Generation': 1, 'Best Cost': np.float64(2.442624832178839)}, {'Generation': 2, 'Best Cost': np.float64(2.442624832178839)}, {'Generation': 3, 'Best Cost': np.float64(2.442624832178839)}, {'Generation': 4, 'Best Cost': np.float64(2.442624832178839)}, {'Generation': 5, 'Best Cost': np.float64(2.442624832178839)}, {'Generation': 6, 'Best Cost': np.float64(2.442624832178839)}, {'Generation': 7, 'Best Cost': np.float64(2.442624832178839)}, {'Generation': 8, 'Best Cost': np.float64(2.442624832178839)}, {'Generation': 9, 'Best Cost': np.float64(2.442624832178839)}, {'Generation': 10, 'Best Cost': np.float64(2.442624832178839)}, {'Generation': 11, 'Best Cost': np.float64(2.442624832178839)}, {'Generation': 12, 'Best Cost': np.float64(2.442624832178839)}, {'Generation': 13, 'Best Cost': np.float64(2.442624832178839)}, {'Generation': 14, 'Best Cost': np.float64(2.442624832178839)}, {'Generation': 15, 'Best Cost': np.float64(2.442624832178839)}, {'Generation': 16, 'Best Cost': np.float64(2.442624832178839)}, {'Generation': 17, 'Best Cost': np.float64(2.442624832178839)}, {'Generation': 18, 'Best Cost': np.float64(2.442624832178839)}, {'Generation': 19, 'Best Cost': np.float64(2.442624832178839)}, {'Generation': 20, 'Best Cost': np.float64(2.442624832178839)}, {'Generation': 21, 'Best Cost': np.float64(2.442624832178839)}, {'Generation': 22, 'Best Cost': np.float64(2.442624832178839)}, {'Generation': 23, 'Best Cost': np.float64(2.442624832178839)}, {'Generation': 24, 'Best Cost': np.float64(2.442624832178839)}, {'Generation': 25, 'Best Cost': np.float64(2.442624832178839)}, {'Generation': 26, 'Best Cost': np.float64(2.442624832178839)}, {'Generation': 27, 'Best Cost': np.float64(2.442624832178839)}, {'Generation': 28, 'Best Cost': np.float64(2.442624832178839)}, {'Generation': 29, 'Best Cost': np.float64(2.442624832178839)}, {'Generation': 30, 'Best Cost': np.float64(2.442624832178839)}, {'Generation': 31, 'Best Cost': np.float64(2.442624832178839)}, {'Generation': 32, 'Best Cost': np.float64(2.442624832178839)}, {'Generation': 33, 'Best Cost': np.float64(2.442624832178839)}, {'Generation': 34, 'Best Cost': np.float64(2.442624832178839)}, {'Generation': 35, 'Best Cost': np.float64(2.442624832178839)}, {'Generation': 36, 'Best Cost': np.float64(2.442624832178839)}, {'Generation': 37, 'Best Cost': np.float64(2.442624832178839)}, {'Generation': 38, 'Best Cost': np.float64(2.442624832178839)}, {'Generation': 39, 'Best Cost': np.float64(2.442624832178839)}]"
0,7,20317090.0,20312500.0,2.5485158336662055,matrices/7_random_adj_mat_0.txt,"[{'Generation': 0, 'Best Cost': np.float64(2.8421908018760433)}, {'Generation': 0, 'Best Cost': np.float64(2.548515833666206)}, {'Generation': 1, 'Best Cost': np.float64(2.548515833666206)}, {'Generation': 2, 'Best Cost': np.float64(2.548515833666206)}, {'Generation': 3, 'Best Cost': np.float64(2.548515833666206)}, {'Generation': 4, 'Best Cost': np.float64(2.548515833666206)}, {'Generation': 5, 'Best Cost': np.float64(2.548515833666206)}, {'Generation': 6, 'Best Cost': np.float64(2.5485158336662055)}, {'Generation': 7, 'Best Cost': np.float64(2.5485158336662055)}, {'Generation': 8, 'Best Cost': np.float64(2.5485158336662055)}, {'Generation': 9, 'Best Cost': np.float64(2.5485158336662055)}, {'Generation': 10, 'Best Cost': np.float64(2.5485158336662055)}, {'Generation': 11, 'Best Cost': np.float64(2.5485158336662055)}, {'Generation': 12, 'Best Cost': np.float64(2.5485158336662055)}, {'Generation': 13, 'Best Cost': np.float64(2.5485158336662055)}, {'Generation': 14, 'Best Cost': np.float64(2.5485158336662055)}, {'Generation': 15, 'Best Cost': np.float64(2.5485158336662055)}, {'Generation': 16, 'Best Cost': np.float64(2.5485158336662055)}, {'Generation': 17, 'Best Cost': np.float64(2.5485158336662055)}, {'Generation': 18, 'Best Cost': np.float64(2.5485158336662055)}, {'Generation': 19, 'Best Cost': np.float64(2.5485158336662055)}, {'Generation': 20, 'Best Cost': np.float64(2.5485158336662055)}, {'Generation': 21, 'Best Cost': np.float64(2.5485158336662055)}, {'Generation': 22, 'Best Cost': np.float64(2.5485158336662055)}, {'Generation': 23, 'Best Cost': np.float64(2.5485158336662055)}, {'Generation': 24, 'Best Cost': np.float64(2.5485158336662055)}, {'Generation': 25, 'Best Cost': np.float64(2.5485158336662055)}, {'Generation': 26, 'Best Cost': np.float64(2.5485158336662055)}, {'Generation': 27, 'Best Cost': np.float64(2.5485158336662055)}, {'Generation': 28, 'Best Cost': np.float64(2.5485158336662055)}, {'Generation': 29, 'Best Cost': np.float64(2.5485158336662055)}, {'Generation': 30, 'Best Cost': np.float64(2.5485158336662055)}, {'Generation': 31, 'Best Cost': np.float64(2.5485158336662055)}, {'Generation': 32, 'Best Cost': np.float64(2.5485158336662055)}, {'Generation': 33, 'Best Cost': np.float64(2.5485158336662055)}, {'Generation': 34, 'Best Cost': np.float64(2.5485158336662055)}, {'Generation': 35, 'Best Cost': np.float64(2.5485158336662055)}, {'Generation': 36, 'Best Cost': np.float64(2.5485158336662055)}, {'Generation': 37, 'Best Cost': np.float64(2.5485158336662055)}, {'Generation': 38, 'Best Cost': np.float64(2.5485158336662055)}, {'Generation': 39, 'Best Cost': np.float64(2.5485158336662055)}]"
0,7,20092930.0,20312500.0,2.1133715738835726,matrices/7_random_adj_mat_1.txt,"[{'Generation': 0, 'Best Cost': np.float64(2.116073358798554)}, {'Generation': 0, 'Best Cost': np.float64(2.116073358798554)}, {'Generation': 1, 'Best Cost': np.float64(2.116073358798554)}, {'Generation': 2, 'Best Cost': np.float64(2.113815037311305)}, {'Generation': 3, 'Best Cost': np.float64(2.1133715738835726)}, {'Generation': 4, 'Best Cost': np.float64(2.1133715738835726)}, {'Generation': 5, 'Best Cost': np.float64(2.1133715738835726)}, {'Generation': 6, 'Best Cost': np.float64(2.1133715738835726)}, {'Generation': 7, 'Best Cost': np.float64(2.1133715738835726)}, {'Generation': 8, 'Best Cost': np.float64(2.1133715738835726)}, {'Generation': 9, 'Best Cost': np.float64(2.1133715738835726)}, {'Generation': 10, 'Best Cost': np.float64(2.1133715738835726)}, {'Generation': 11, 'Best Cost': np.float64(2.1133715738835726)}, {'Generation': 12, 'Best Cost': np.float64(2.1133715738835726)}, {'Generation': 13, 'Best Cost': np.float64(2.1133715738835726)}, {'Generation': 14, 'Best Cost': np.float64(2.1133715738835726)}, {'Generation': 15, 'Best Cost': np.float64(2.1133715738835726)}, {'Generation': 16, 'Best Cost': np.float64(2.1133715738835726)}, {'Generation': 17, 'Best Cost': np.float64(2.1133715738835726)}, {'Generation': 18, 'Best Cost': np.float64(2.1133715738835726)}, {'Generation': 19, 'Best Cost': np.float64(2.1133715738835726)}, {'Generation': 20, 'Best Cost': np.float64(2.1133715738835726)}, {'Generation': 21, 'Best Cost': np.float64(2.1133715738835726)}, {'Generation': 22, 'Best Cost': np.float64(2.1133715738835726)}, {'Generation': 23, 'Best Cost': np.float64(2.1133715738835726)}, {'Generation': 24, 'Best Cost': np.float64(2.1133715738835726)}, {'Generation': 25, 'Best Cost': np.float64(2.1133715738835726)}, {'Generation': 26, 'Best Cost': np.float64(2.1133715738835726)}, {'Generation': 27, 'Best Cost': np.float64(2.1133715738835726)}, {'Generation': 28, 'Best Cost': np.float64(2.1133715738835726)}, {'Generation': 29, 'Best Cost': np.float64(2.1133715738835726)}, {'Generation': 30, 'Best Cost': np.float64(2.1133715738835726)}, {'Generation': 31, 'Best Cost': np.float64(2.1133715738835726)}, {'Generation': 32, 'Best Cost': np.float64(2.1133715738835726)}, {'Generation': 33, 'Best Cost': np.float64(2.1133715738835726)}, {'Generation': 34, 'Best Cost': np.float64(2.1133715738835726)}, {'Generation': 35, 'Best Cost': np.float64(2.1133715738835726)}, {'Generation': 36, 'Best Cost': np.float64(2.1133715738835726)}, {'Generation': 37, 'Best Cost': np.float64(2.1133715738835726)}, {'Generation': 38, 'Best Cost': np.float64(2.1133715738835726)}, {'Generation': 39, 'Best Cost': np.float64(2.1133715738835726)}]"
0,7,20163970.0,20312500.0,2.765538655869785,matrices/7_random_adj_mat_2.txt,"[{'Generation': 0, 'Best Cost': np.float64(2.883539989514514)}, {'Generation': 0, 'Best Cost': np.float64(2.851969437557203)}, {'Generation': 1, 'Best Cost': np.float64(2.851969437557203)}, {'Generation': 2, 'Best Cost': np.float64(2.851969437557203)}, {'Generation': 3, 'Best Cost': np.float64(2.851969437557203)}, {'Generation': 4, 'Best Cost': np.float64(2.777140000591629)}, {'Generation': 5, 'Best Cost': np.float64(2.777140000591629)}, {'Generation': 6, 'Best Cost': np.float64(2.765538655869785)}, {'Generation': 7, 'Best Cost': np.float64(2.765538655869785)}, {'Generation': 8, 'Best Cost': np.float64(2.765538655869785)}, {'Generation': 9, 'Best Cost': np.float64(2.765538655869785)}, {'Generation': 10, 'Best Cost': np.float64(2.765538655869785)}, {'Generation': 11, 'Best Cost': np.float64(2.765538655869785)}, {'Generation': 12, 'Best Cost': np.float64(2.765538655869785)}, {'Generation': 13, 'Best Cost': np.float64(2.765538655869785)}, {'Generation': 14, 'Best Cost': np.float64(2.765538655869785)}, {'Generation': 15, 'Best Cost': np.float64(2.765538655869785)}, {'Generation': 16, 'Best Cost': np.float64(2.765538655869785)}, {'Generation': 17, 'Best Cost': np.float64(2.765538655869785)}, {'Generation': 18, 'Best Cost': np.float64(2.765538655869785)}, {'Generation': 19, 'Best Cost': np.float64(2.765538655869785)}, {'Generation': 20, 'Best Cost': np.float64(2.765538655869785)}, {'Generation': 21, 'Best Cost': np.float64(2.765538655869785)}, {'Generation': 22, 'Best Cost': np.float64(2.765538655869785)}, {'Generation': 23, 'Best Cost': np.float64(2.765538655869785)}, {'Generation': 24, 'Best Cost': np.float64(2.765538655869785)}, {'Generation': 25, 'Best Cost': np.float64(2.765538655869785)}, {'Generation': 26, 'Best Cost': np.float64(2.765538655869785)}, {'Generation': 27, 'Best Cost': np.float64(2.765538655869785)}, {'Generation': 28, 'Best Cost': np.float64(2.765538655869785)}, {'Generation': 29, 'Best Cost': np.float64(2.765538655869785)}, {'Generation': 30, 'Best Cost': np.float64(2.765538655869785)}, {'Generation': 31, 'Best Cost': np.float64(2.765538655869785)}, {'Generation': 32, 'Best Cost': np.float64(2.765538655869785)}, {'Generation': 33, 'Best Cost': np.float64(2.765538655869785)}, {'Generation': 34, 'Best Cost': np.float64(2.765538655869785)}, {'Generation': 35, 'Best Cost': np.float64(2.765538655869785)}, {'Generation': 36, 'Best Cost': np.float64(2.765538655869785)}, {'Generation': 37, 'Best Cost': np.float64(2.765538655869785)}, {'Generation': 38, 'Best Cost': np.float64(2.765538655869785)}, {'Generation': 39, 'Best Cost': np.float64(2.765538655869785)}]"
0,7,20302140.0,20312500.0,2.846818037575111,matrices/7_random_adj_mat_3.txt,"[{'Generation': 0, 'Best Cost': np.float64(3.064468889563504)}, {'Generation': 0, 'Best Cost': np.float64(3.064468889563504)}, {'Generation': 1, 'Best Cost': np.float64(3.064468889563503)}, {'Generation': 2, 'Best Cost': np.float64(3.064468889563503)}, {'Generation': 3, 'Best Cost': np.float64(3.0033401217902123)}, {'Generation': 4, 'Best Cost': np.float64(3.0033401217902123)}, {'Generation': 5, 'Best Cost': np.float64(2.846818037575111)}, {'Generation': 6, 'Best Cost': np.float64(2.846818037575111)}, {'Generation': 7, 'Best Cost': np.float64(2.846818037575111)}, {'Generation': 8, 'Best Cost': np.float64(2.846818037575111)}, {'Generation': 9, 'Best Cost': np.float64(2.846818037575111)}, {'Generation': 10, 'Best Cost': np.float64(2.846818037575111)}, {'Generation': 11, 'Best Cost': np.float64(2.846818037575111)}, {'Generation': 12, 'Best Cost': np.float64(2.846818037575111)}, {'Generation': 13, 'Best Cost': np.float64(2.846818037575111)}, {'Generation': 14, 'Best Cost': np.float64(2.846818037575111)}, {'Generation': 15, 'Best Cost': np.float64(2.846818037575111)}, {'Generation': 16, 'Best Cost': np.float64(2.846818037575111)}, {'Generation': 17, 'Best Cost': np.float64(2.846818037575111)}, {'Generation': 18, 'Best Cost': np.float64(2.846818037575111)}, {'Generation': 19, 'Best Cost': np.float64(2.846818037575111)}, {'Generation': 20, 'Best Cost': np.float64(2.846818037575111)}, {'Generation': 21, 'Best Cost': np.float64(2.846818037575111)}, {'Generation': 22, 'Best Cost': np.float64(2.846818037575111)}, {'Generation': 23, 'Best Cost': np.float64(2.846818037575111)}, {'Generation': 24, 'Best Cost': np.float64(2.846818037575111)}, {'Generation': 25, 'Best Cost': np.float64(2.846818037575111)}, {'Generation': 26, 'Best Cost': np.float64(2.846818037575111)}, {'Generation': 27, 'Best Cost': np.float64(2.846818037575111)}, {'Generation': 28, 'Best Cost': np.float64(2.846818037575111)}, {'Generation': 29, 'Best Cost': np.float64(2.846818037575111)}, {'Generation': 30, 'Best Cost': np.float64(2.846818037575111)}, {'Generation': 31, 'Best Cost': np.float64(2.846818037575111)}, {'Generation': 32, 'Best Cost': np.float64(2.846818037575111)}, {'Generation': 33, 'Best Cost': np.float64(2.846818037575111)}, {'Generation': 34, 'Best Cost': np.float64(2.846818037575111)}, {'Generation': 35, 'Best Cost': np.float64(2.846818037575111)}, {'Generation': 36, 'Best Cost': np.float64(2.846818037575111)}, {'Generation': 37, 'Best Cost': np.float64(2.846818037575111)}, {'Generation': 38, 'Best Cost': np.float64(2.846818037575111)}, {'Generation': 39, 'Best Cost': np.float64(2.846818037575111)}]"
0,7,20291610.0,20312500.0,2.490845941532837,matrices/7_random_adj_mat_4.txt,"[{'Generation': 0, 'Best Cost': np.float64(2.900314186126951)}, {'Generation': 0, 'Best Cost': np.float64(2.64778949808999)}, {'Generation': 1, 'Best Cost': np.float64(2.64778949808999)}, {'Generation': 2, 'Best Cost': np.float64(2.64778949808999)}, {'Generation': 3, 'Best Cost': np.float64(2.64778949808999)}, {'Generation': 4, 'Best Cost': np.float64(2.5554025218915513)}, {'Generation': 5, 'Best Cost': np.float64(2.5554025218915513)}, {'Generation': 6, 'Best Cost': np.float64(2.5554025218915513)}, {'Generation': 7, 'Best Cost': np.float64(2.490845941532837)}, {'Generation': 8, 'Best Cost': np.float64(2.490845941532837)}, {'Generation': 9, 'Best Cost': np.float64(2.490845941532837)}, {'Generation': 10, 'Best Cost': np.float64(2.490845941532837)}, {'Generation': 11, 'Best Cost': np.float64(2.490845941532837)}, {'Generation': 12, 'Best Cost': np.float64(2.490845941532837)}, {'Generation': 13, 'Best Cost': np.float64(2.490845941532837)}, {'Generation': 14, 'Best Cost': np.float64(2.490845941532837)}, {'Generation': 15, 'Best Cost': np.float64(2.490845941532837)}, {'Generation': 16, 'Best Cost': np.float64(2.490845941532837)}, {'Generation': 17, 'Best Cost': np.float64(2.490845941532837)}, {'Generation': 18, 'Best Cost': np.float64(2.490845941532837)}, {'Generation': 19, 'Best Cost': np.float64(2.490845941532837)}, {'Generation': 20, 'Best Cost': np.float64(2.490845941532837)}, {'Generation': 21, 'Best Cost': np.float64(2.490845941532837)}, {'Generation': 22, 'Best Cost': np.float64(2.490845941532837)}, {'Generation': 23, 'Best Cost': np.float64(2.490845941532837)}, {'Generation': 24, 'Best Cost': np.float64(2.490845941532837)}, {'Generation': 25, 'Best Cost': np.float64(2.490845941532837)}, {'Generation': 26, 'Best Cost': np.float64(2.490845941532837)}, {'Generation': 27, 'Best Cost': np.float64(2.490845941532837)}, {'Generation': 28, 'Best Cost': np.float64(2.490845941532837)}, {'Generation': 29, 'Best Cost': np.float64(2.490845941532837)}, {'Generation': 30, 'Best Cost': np.float64(2.490845941532837)}, {'Generation': 31, 'Best Cost': np.float64(2.490845941532837)}, {'Generation': 32, 'Best Cost': np.float64(2.490845941532837)}, {'Generation': 33, 'Best Cost': np.float64(2.490845941532837)}, {'Generation': 34, 'Best Cost': np.float64(2.490845941532837)}, {'Generation': 35, 'Best Cost': np.float64(2.490845941532837)}, {'Generation': 36, 'Best Cost': np.float64(2.490845941532837)}, {'Generation': 37, 'Best Cost': np.float64(2.490845941532837)}, {'Generation': 38, 'Best Cost': np.float64(2.490845941532837)}, {'Generation': 39, 'Best Cost': np.float64(2.490845941532837)}]"
0,7,20106350.0,20312500.0,2.5723564469140525,matrices/7_random_adj_mat_5.txt,"[{'Generation': 0, 'Best Cost': np.float64(3.150198707805171)}, {'Generation': 0, 'Best Cost': np.float64(3.150198707805171)}, {'Generation': 1, 'Best Cost': np.float64(2.77879346189767)}, {'Generation': 2, 'Best Cost': np.float64(2.77879346189767)}, {'Generation': 3, 'Best Cost': np.float64(2.77879346189767)}, {'Generation': 4, 'Best Cost': np.float64(2.77879346189767)}, {'Generation': 5, 'Best Cost': np.float64(2.77879346189767)}, {'Generation': 6, 'Best Cost': np.float64(2.77879346189767)}, {'Generation': 7, 'Best Cost': np.float64(2.7276181280993264)}, {'Generation': 8, 'Best Cost': np.float64(2.7276181280993264)}, {'Generation': 9, 'Best Cost': np.float64(2.7276181280993264)}, {'Generation': 10, 'Best Cost': np.float64(2.7276181280993264)}, {'Generation': 11, 'Best Cost': np.float64(2.6235317807123972)}, {'Generation': 12, 'Best Cost': np.float64(2.623531780712397)}, {'Generation': 13, 'Best Cost': np.float64(2.623531780712397)}, {'Generation': 14, 'Best Cost': np.float64(2.623531780712397)}, {'Generation': 15, 'Best Cost': np.float64(2.572356446914053)}, {'Generation': 16, 'Best Cost': np.float64(2.572356446914053)}, {'Generation': 17, 'Best Cost': np.float64(2.572356446914053)}, {'Generation': 18, 'Best Cost': np.float64(2.572356446914053)}, {'Generation': 19, 'Best Cost': np.float64(2.572356446914053)}, {'Generation': 20, 'Best Cost': np.float64(2.572356446914053)}, {'Generation': 21, 'Best Cost': np.float64(2.5723564469140525)}, {'Generation': 22, 'Best Cost': np.float64(2.5723564469140525)}, {'Generation': 23, 'Best Cost': np.float64(2.5723564469140525)}, {'Generation': 24, 'Best Cost': np.float64(2.5723564469140525)}, {'Generation': 25, 'Best Cost': np.float64(2.5723564469140525)}, {'Generation': 26, 'Best Cost': np.float64(2.5723564469140525)}, {'Generation': 27, 'Best Cost': np.float64(2.5723564469140525)}, {'Generation': 28, 'Best Cost': np.float64(2.5723564469140525)}, {'Generation': 29, 'Best Cost': np.float64(2.5723564469140525)}, {'Generation': 30, 'Best Cost': np.float64(2.5723564469140525)}, {'Generation': 31, 'Best Cost': np.float64(2.5723564469140525)}, {'Generation': 32, 'Best Cost': np.float64(2.5723564469140525)}, {'Generation': 33, 'Best Cost': np.float64(2.5723564469140525)}, {'Generation': 34, 'Best Cost': np.float64(2.5723564469140525)}, {'Generation': 35, 'Best Cost': np.float64(2.5723564469140525)}, {'Generation': 36, 'Best Cost': np.float64(2.5723564469140525)}, {'Generation': 37, 'Best Cost': np.float64(2.5723564469140525)}, {'Generation': 38, 'Best Cost': np.float64(2.5723564469140525)}, {'Generation': 39, 'Best Cost': np.float64(2.5723564469140525)}]"
0,7,20423100.0,20312500.0,2.399317511596459,matrices/7_random_adj_mat_6.txt,"[{'Generation': 0, 'Best Cost': np.float64(2.48503502711847)}, {'Generation': 0, 'Best Cost': np.float64(2.48503502711847)}, {'Generation': 1, 'Best Cost': np.float64(2.444803522753366)}, {'Generation': 2, 'Best Cost': np.float64(2.444803522753366)}, {'Generation': 3, 'Best Cost': np.float64(2.3993175115964593)}, {'Generation': 4, 'Best Cost': np.float64(2.3993175115964593)}, {'Generation': 5, 'Best Cost': np.float64(2.3993175115964593)}, {'Generation': 6, 'Best Cost': np.float64(2.3993175115964593)}, {'Generation': 7, 'Best Cost': np.float64(2.3993175115964593)}, {'Generation': 8, 'Best Cost': np.float64(2.3993175115964593)}, {'Generation': 9, 'Best Cost': np.float64(2.3993175115964593)}, {'Generation': 10, 'Best Cost': np.float64(2.3993175115964593)}, {'Generation': 11, 'Best Cost': np.float64(2.3993175115964593)}, {'Generation': 12, 'Best Cost': np.float64(2.3993175115964593)}, {'Generation': 13, 'Best Cost': np.float64(2.3993175115964593)}, {'Generation': 14, 'Best Cost': np.float64(2.3993175115964593)}, {'Generation': 15, 'Best Cost': np.float64(2.3993175115964593)}, {'Generation': 16, 'Best Cost': np.float64(2.3993175115964593)}, {'Generation': 17, 'Best Cost': np.float64(2.3993175115964593)}, {'Generation': 18, 'Best Cost': np.float64(2.3993175115964593)}, {'Generation': 19, 'Best Cost': np.float64(2.3993175115964593)}, {'Generation': 20, 'Best Cost': np.float64(2.3993175115964593)}, {'Generation': 21, 'Best Cost': np.float64(2.3993175115964593)}, {'Generation': 22, 'Best Cost': np.float64(2.3993175115964593)}, {'Generation': 23, 'Best Cost': np.float64(2.3993175115964593)}, {'Generation': 24, 'Best Cost': np.float64(2.3993175115964593)}, {'Generation': 25, 'Best Cost': np.float64(2.3993175115964593)}, {'Generation': 26, 'Best Cost': np.float64(2.3993175115964593)}, {'Generation': 27, 'Best Cost': np.float64(2.3993175115964593)}, {'Generation': 28, 'Best Cost': np.float64(2.3993175115964593)}, {'Generation': 29, 'Best Cost': np.float64(2.3993175115964593)}, {'Generation': 30, 'Best Cost': np.float64(2.3993175115964593)}, {'Generation': 31, 'Best Cost': np.float64(2.3993175115964593)}, {'Generation': 32, 'Best Cost': np.float64(2.3993175115964593)}, {'Generation': 33, 'Best Cost': np.float64(2.399317511596459)}, {'Generation': 34, 'Best Cost': np.float64(2.399317511596459)}, {'Generation': 35, 'Best Cost': np.float64(2.399317511596459)}, {'Generation': 36, 'Best Cost': np.float64(2.399317511596459)}, {'Generation': 37, 'Best Cost': np.float64(2.399317511596459)}, {'Generation': 38, 'Best Cost': np.float64(2.399317511596459)}, {'Generation': 39, 'Best Cost': np.float64(2.399317511596459)}]"
0,7,20251070.0,20312500.0,2.869162661634958,matrices/7_random_adj_mat_7.txt,"[{'Generation': 0, 'Best Cost': np.float64(2.9353243490974883)}, {'Generation': 0, 'Best Cost': np.float64(2.9353243490974883)}, {'Generation': 1, 'Best Cost': np.float64(2.918077626234511)}, {'Generation': 2, 'Best Cost': np.float64(2.8691626616349586)}, {'Generation': 3, 'Best Cost': np.float64(2.8691626616349586)}, {'Generation': 4, 'Best Cost': np.float64(2.8691626616349586)}, {'Generation': 5, 'Best Cost': np.float64(2.8691626616349586)}, {'Generation': 6, 'Best Cost': np.float64(2.8691626616349586)}, {'Generation': 7, 'Best Cost': np.float64(2.8691626616349586)}, {'Generation': 8, 'Best Cost': np.float64(2.8691626616349586)}, {'Generation': 9, 'Best Cost': np.float64(2.8691626616349586)}, {'Generation': 10, 'Best Cost': np.float64(2.8691626616349586)}, {'Generation': 11, 'Best Cost': np.float64(2.8691626616349586)}, {'Generation': 12, 'Best Cost': np.float64(2.8691626616349586)}, {'Generation': 13, 'Best Cost': np.float64(2.8691626616349586)}, {'Generation': 14, 'Best Cost': np.float64(2.8691626616349586)}, {'Generation': 15, 'Best Cost': np.float64(2.8691626616349586)}, {'Generation': 16, 'Best Cost': np.float64(2.869162661634958)}, {'Generation': 17, 'Best Cost': np.float64(2.869162661634958)}, {'Generation': 18, 'Best Cost': np.float64(2.869162661634958)}, {'Generation': 19, 'Best Cost': np.float64(2.869162661634958)}, {'Generation': 20, 'Best Cost': np.float64(2.869162661634958)}, {'Generation': 21, 'Best Cost': np.float64(2.869162661634958)}, {'Generation': 22, 'Best Cost': np.float64(2.869162661634958)}, {'Generation': 23, 'Best Cost': np.float64(2.869162661634958)}, {'Generation': 24, 'Best Cost': np.float64(2.869162661634958)}, {'Generation': 25, 'Best Cost': np.float64(2.869162661634958)}, {'Generation': 26, 'Best Cost': np.float64(2.869162661634958)}, {'Generation': 27, 'Best Cost': np.float64(2.869162661634958)}, {'Generation': 28, 'Best Cost': np.float64(2.869162661634958)}, {'Generation': 29, 'Best Cost': np.float64(2.869162661634958)}, {'Generation': 30, 'Best Cost': np.float64(2.869162661634958)}, {'Generation': 31, 'Best Cost': np.float64(2.869162661634958)}, {'Generation': 32, 'Best Cost': np.float64(2.869162661634958)}, {'Generation': 33, 'Best Cost': np.float64(2.869162661634958)}, {'Generation': 34, 'Best Cost': np.float64(2.869162661634958)}, {'Generation': 35, 'Best Cost': np.float64(2.869162661634958)}, {'Generation': 36, 'Best Cost': np.float64(2.869162661634958)}, {'Generation': 37, 'Best Cost': np.float64(2.869162661634958)}, {'Generation': 38, 'Best Cost': np.float64(2.869162661634958)}, {'Generation': 39, 'Best Cost': np.float64(2.869162661634958)}]"
0,7,20356660.0,20312500.0,2.3131457844957337,matrices/7_random_adj_mat_8.txt,"[{'Generation': 0, 'Best Cost': np.float64(2.8901183292628816)}, {'Generation': 0, 'Best Cost': np.float64(2.6586109490401135)}, {'Generation': 1, 'Best Cost': np.float64(2.3131457844957337)}, {'Generation': 2, 'Best Cost': np.float64(2.3131457844957337)}, {'Generation': 3, 'Best Cost': np.float64(2.3131457844957337)}, {'Generation': 4, 'Best Cost': np.float64(2.3131457844957337)}, {'Generation': 5, 'Best Cost': np.float64(2.3131457844957337)}, {'Generation': 6, 'Best Cost': np.float64(2.3131457844957337)}, {'Generation': 7, 'Best Cost': np.float64(2.3131457844957337)}, {'Generation': 8, 'Best Cost': np.float64(2.3131457844957337)}, {'Generation': 9, 'Best Cost': np.float64(2.3131457844957337)}, {'Generation': 10, 'Best Cost': np.float64(2.3131457844957337)}, {'Generation': 11, 'Best Cost': np.float64(2.3131457844957337)}, {'Generation': 12, 'Best Cost': np.float64(2.3131457844957337)}, {'Generation': 13, 'Best Cost': np.float64(2.3131457844957337)}, {'Generation': 14, 'Best Cost': np.float64(2.3131457844957337)}, {'Generation': 15, 'Best Cost': np.float64(2.3131457844957337)}, {'Generation': 16, 'Best Cost': np.float64(2.3131457844957337)}, {'Generation': 17, 'Best Cost': np.float64(2.3131457844957337)}, {'Generation': 18, 'Best Cost': np.float64(2.3131457844957337)}, {'Generation': 19, 'Best Cost': np.float64(2.3131457844957337)}, {'Generation': 20, 'Best Cost': np.float64(2.3131457844957337)}, {'Generation': 21, 'Best Cost': np.float64(2.3131457844957337)}, {'Generation': 22, 'Best Cost': np.float64(2.3131457844957337)}, {'Generation': 23, 'Best Cost': np.float64(2.3131457844957337)}, {'Generation': 24, 'Best Cost': np.float64(2.3131457844957337)}, {'Generation': 25, 'Best Cost': np.float64(2.3131457844957337)}, {'Generation': 26, 'Best Cost': np.float64(2.3131457844957337)}, {'Generation': 27, 'Best Cost': np.float64(2.3131457844957337)}, {'Generation': 28, 'Best Cost': np.float64(2.3131457844957337)}, {'Generation': 29, 'Best Cost': np.float64(2.3131457844957337)}, {'Generation': 30, 'Best Cost': np.float64(2.3131457844957337)}, {'Generation': 31, 'Best Cost': np.float64(2.3131457844957337)}, {'Generation': 32, 'Best Cost': np.float64(2.3131457844957337)}, {'Generation': 33, 'Best Cost': np.float64(2.3131457844957337)}, {'Generation': 34, 'Best Cost': np.float64(2.3131457844957337)}, {'Generation': 35, 'Best Cost': np.float64(2.3131457844957337)}, {'Generation': 36, 'Best Cost': np.float64(2.3131457844957337)}, {'Generation': 37, 'Best Cost': np.float64(2.3131457844957337)}, {'Generation': 38, 'Best Cost': np.float64(2.3131457844957337)}, {'Generation': 39, 'Best Cost': np.float64(2.3131457844957337)}]"
0,7,20521150.0,20312500.0,1.9213979013365257,matrices/7_random_adj_mat_9.txt,"[{'Generation': 0, 'Best Cost': np.float64(2.062925841353486)}, {'Generation': 0, 'Best Cost': np.float64(2.062925841353486)}, {'Generation': 1, 'Best Cost': np.float64(2.062925841353486)}, {'Generation': 2, 'Best Cost': np.float64(2.062925841353486)}, {'Generation': 3, 'Best Cost': np.float64(2.062925841353486)}, {'Generation': 4, 'Best Cost': np.float64(1.921397901336526)}, {'Generation': 5, 'Best Cost': np.float64(1.921397901336526)}, {'Generation': 6, 'Best Cost': np.float64(1.921397901336526)}, {'Generation': 7, 'Best Cost': np.float64(1.921397901336526)}, {'Generation': 8, 'Best Cost': np.float64(1.9213979013365259)}, {'Generation': 9, 'Best Cost': np.float64(1.9213979013365259)}, {'Generation': 10, 'Best Cost': np.float64(1.9213979013365257)}, {'Generation': 11, 'Best Cost': np.float64(1.9213979013365257)}, {'Generation': 12, 'Best Cost': np.float64(1.9213979013365257)}, {'Generation': 13, 'Best Cost': np.float64(1.9213979013365257)}, {'Generation': 14, 'Best Cost': np.float64(1.9213979013365257)}, {'Generation': 15, 'Best Cost': np.float64(1.9213979013365257)}, {'Generation': 16, 'Best Cost': np.float64(1.9213979013365257)}, {'Generation': 17, 'Best Cost': np.float64(1.9213979013365257)}, {'Generation': 18, 'Best Cost': np.float64(1.9213979013365257)}, {'Generation': 19, 'Best Cost': np.float64(1.9213979013365257)}, {'Generation': 20, 'Best Cost': np.float64(1.9213979013365257)}, {'Generation': 21, 'Best Cost': np.float64(1.9213979013365257)}, {'Generation': 22, 'Best Cost': np.float64(1.9213979013365257)}, {'Generation': 23, 'Best Cost': np.float64(1.9213979013365257)}, {'Generation': 24, 'Best Cost': np.float64(1.9213979013365257)}, {'Generation': 25, 'Best Cost': np.float64(1.9213979013365257)}, {'Generation': 26, 'Best Cost': np.float64(1.9213979013365257)}, {'Generation': 27, 'Best Cost': np.float64(1.9213979013365257)}, {'Generation': 28, 'Best Cost': np.float64(1.9213979013365257)}, {'Generation': 29, 'Best Cost': np.float64(1.9213979013365257)}, {'Generation': 30, 'Best Cost': np.float64(1.9213979013365257)}, {'Generation': 31, 'Best Cost': np.float64(1.9213979013365257)}, {'Generation': 32, 'Best Cost': np.float64(1.9213979013365257)}, {'Generation': 33, 'Best Cost': np.float64(1.9213979013365257)}, {'Generation': 34, 'Best Cost': np.float64(1.9213979013365257)}, {'Generation': 35, 'Best Cost': np.float64(1.9213979013365257)}, {'Generation': 36, 'Best Cost': np.float64(1.9213979013365257)}, {'Generation': 37, 'Best Cost': np.float64(1.9213979013365257)}, {'Generation': 38, 'Best Cost': np.float64(1.9213979013365257)}, {'Generation': 39, 'Best Cost': np.float64(1.9213979013365257)}]"
0,8,24316270.0,25000000.0,2.1692532406726444,matrices/8_random_adj_mat_0.txt,"[{'Generation': 0, 'Best Cost': np.float64(2.6136692610153416)}, {'Generation': 0, 'Best Cost': np.float64(2.2945859214217994)}, {'Generation': 1, 'Best Cost': np.float64(2.2945859214217994)}, {'Generation': 2, 'Best Cost': np.float64(2.2945859214217994)}, {'Generation': 3, 'Best Cost': np.float64(2.2945859214217994)}, {'Generation': 4, 'Best Cost': np.float64(2.288296728948225)}, {'Generation': 5, 'Best Cost': np.float64(2.288296728948225)}, {'Generation': 6, 'Best Cost': np.float64(2.288296728948225)}, {'Generation': 7, 'Best Cost': np.float64(2.2156637821968035)}, {'Generation': 8, 'Best Cost': np.float64(2.1692532406726444)}, {'Generation': 9, 'Best Cost': np.float64(2.1692532406726444)}, {'Generation': 10, 'Best Cost': np.float64(2.1692532406726444)}, {'Generation': 11, 'Best Cost': np.float64(2.1692532406726444)}, {'Generation': 12, 'Best Cost': np.float64(2.1692532406726444)}, {'Generation': 13, 'Best Cost': np.float64(2.1692532406726444)}, {'Generation': 14, 'Best Cost': np.float64(2.1692532406726444)}, {'Generation': 15, 'Best Cost': np.float64(2.1692532406726444)}, {'Generation': 16, 'Best Cost': np.float64(2.1692532406726444)}, {'Generation': 17, 'Best Cost': np.float64(2.1692532406726444)}, {'Generation': 18, 'Best Cost': np.float64(2.1692532406726444)}, {'Generation': 19, 'Best Cost': np.float64(2.1692532406726444)}, {'Generation': 20, 'Best Cost': np.float64(2.1692532406726444)}, {'Generation': 21, 'Best Cost': np.float64(2.1692532406726444)}, {'Generation': 22, 'Best Cost': np.float64(2.1692532406726444)}, {'Generation': 23, 'Best Cost': np.float64(2.1692532406726444)}, {'Generation': 24, 'Best Cost': np.float64(2.1692532406726444)}, {'Generation': 25, 'Best Cost': np.float64(2.1692532406726444)}, {'Generation': 26, 'Best Cost': np.float64(2.1692532406726444)}, {'Generation': 27, 'Best Cost': np.float64(2.1692532406726444)}, {'Generation': 28, 'Best Cost': np.float64(2.1692532406726444)}, {'Generation': 29, 'Best Cost': np.float64(2.1692532406726444)}, {'Generation': 30, 'Best Cost': np.float64(2.1692532406726444)}, {'Generation': 31, 'Best Cost': np.float64(2.1692532406726444)}, {'Generation': 32, 'Best Cost': np.float64(2.1692532406726444)}, {'Generation': 33, 'Best Cost': np.float64(2.1692532406726444)}, {'Generation': 34, 'Best Cost': np.float64(2.1692532406726444)}, {'Generation': 35, 'Best Cost': np.float64(2.1692532406726444)}, {'Generation': 36, 'Best Cost': np.float64(2.1692532406726444)}, {'Generation': 37, 'Best Cost': np.float64(2.1692532406726444)}, {'Generation': 38, 'Best Cost': np.float64(2.1692532406726444)}, {'Generation': 39, 'Best Cost': np.float64(2.1692532406726444)}]"
0,8,25276930.0,25000000.0,2.617022360072963,matrices/8_random_adj_mat_1.txt,"[{'Generation': 0, 'Best Cost': np.float64(2.7291202710938944)}, {'Generation': 0, 'Best Cost': np.float64(2.7006465341129515)}, {'Generation': 1, 'Best Cost': np.float64(2.7006465341129515)}, {'Generation': 2, 'Best Cost': np.float64(2.6772568326547495)}, {'Generation': 3, 'Best Cost': np.float64(2.6772568326547495)}, {'Generation': 4, 'Best Cost': np.float64(2.6772568326547495)}, {'Generation': 5, 'Best Cost': np.float64(2.6618448708609623)}, {'Generation': 6, 'Best Cost': np.float64(2.6618448708609623)}, {'Generation': 7, 'Best Cost': np.float64(2.6618448708609623)}, {'Generation': 8, 'Best Cost': np.float64(2.6618448708609623)}, {'Generation': 9, 'Best Cost': np.float64(2.6618448708609623)}, {'Generation': 10, 'Best Cost': np.float64(2.6618448708609623)}, {'Generation': 11, 'Best Cost': np.float64(2.648050301666325)}, {'Generation': 12, 'Best Cost': np.float64(2.648050301666325)}, {'Generation': 13, 'Best Cost': np.float64(2.648050301666325)}, {'Generation': 14, 'Best Cost': np.float64(2.648050301666325)}, {'Generation': 15, 'Best Cost': np.float64(2.648050301666325)}, {'Generation': 16, 'Best Cost': np.float64(2.648050301666325)}, {'Generation': 17, 'Best Cost': np.float64(2.648050301666325)}, {'Generation': 18, 'Best Cost': np.float64(2.648050301666325)}, {'Generation': 19, 'Best Cost': np.float64(2.648050301666325)}, {'Generation': 20, 'Best Cost': np.float64(2.648050301666325)}, {'Generation': 21, 'Best Cost': np.float64(2.648050301666325)}, {'Generation': 22, 'Best Cost': np.float64(2.648050301666325)}, {'Generation': 23, 'Best Cost': np.float64(2.648050301666325)}, {'Generation': 24, 'Best Cost': np.float64(2.648050301666325)}, {'Generation': 25, 'Best Cost': np.float64(2.648050301666325)}, {'Generation': 26, 'Best Cost': np.float64(2.648050301666325)}, {'Generation': 27, 'Best Cost': np.float64(2.648050301666325)}, {'Generation': 28, 'Best Cost': np.float64(2.648050301666325)}, {'Generation': 29, 'Best Cost': np.float64(2.648050301666325)}, {'Generation': 30, 'Best Cost': np.float64(2.648050301666325)}, {'Generation': 31, 'Best Cost': np.float64(2.648050301666325)}, {'Generation': 32, 'Best Cost': np.float64(2.648050301666325)}, {'Generation': 33, 'Best Cost': np.float64(2.648050301666325)}, {'Generation': 34, 'Best Cost': np.float64(2.648050301666325)}, {'Generation': 35, 'Best Cost': np.float64(2.648050301666325)}, {'Generation': 36, 'Best Cost': np.float64(2.648050301666325)}, {'Generation': 37, 'Best Cost': np.float64(2.648050301666325)}, {'Generation': 38, 'Best Cost': np.float64(2.648050301666325)}, {'Generation': 39, 'Best Cost': np.float64(2.648050301666325)}]"
0,8,23840090.0,23437500.0,2.922101088853702,matrices/8_random_adj_mat_2.txt,"[{'Generation': 0, 'Best Cost': np.float64(3.020431394868102)}, {'Generation': 0, 'Best Cost': np.float64(3.020431394868102)}, {'Generation': 1, 'Best Cost': np.float64(3.020431394868102)}, {'Generation': 2, 'Best Cost': np.float64(3.020431394868102)}, {'Generation': 3, 'Best Cost': np.float64(3.020431394868102)}, {'Generation': 4, 'Best Cost': np.float64(2.9221010888537022)}, {'Generation': 5, 'Best Cost': np.float64(2.9221010888537022)}, {'Generation': 6, 'Best Cost': np.float64(2.922101088853702)}, {'Generation': 7, 'Best Cost': np.float64(2.922101088853702)}, {'Generation': 8, 'Best Cost': np.float64(2.922101088853702)}, {'Generation': 9, 'Best Cost': np.float64(2.922101088853702)}, {'Generation': 10, 'Best Cost': np.float64(2.922101088853702)}, {'Generation': 11, 'Best Cost': np.float64(2.922101088853702)}, {'Generation': 12, 'Best Cost': np.float64(2.922101088853702)}, {'Generation': 13, 'Best Cost': np.float64(2.922101088853702)}, {'Generation': 14, 'Best Cost': np.float64(2.922101088853702)}, {'Generation': 15, 'Best Cost': np.float64(2.922101088853702)}, {'Generation': 16, 'Best Cost': np.float64(2.922101088853702)}, {'Generation': 17, 'Best Cost': np.float64(2.922101088853702)}, {'Generation': 18, 'Best Cost': np.float64(2.922101088853702)}, {'Generation': 19, 'Best Cost': np.float64(2.922101088853702)}, {'Generation': 20, 'Best Cost': np.float64(2.922101088853702)}, {'Generation': 21, 'Best Cost': np.float64(2.922101088853702)}, {'Generation': 22, 'Best Cost': np.float64(2.922101088853702)}, {'Generation': 23, 'Best Cost': np.float64(2.922101088853702)}, {'Generation': 24, 'Best Cost': np.float64(2.922101088853702)}, {'Generation': 25, 'Best Cost': np.float64(2.922101088853702)}, {'Generation': 26, 'Best Cost': np.float64(2.922101088853702)}, {'Generation': 27, 'Best Cost': np.float64(2.922101088853702)}, {'Generation': 28, 'Best Cost': np.float64(2.922101088853702)}, {'Generation': 29, 'Best Cost': np.float64(2.922101088853702)}, {'Generation': 30, 'Best Cost': np.float64(2.922101088853702)}, {'Generation': 31, 'Best Cost': np.float64(2.922101088853702)}, {'Generation': 32, 'Best Cost': np.float64(2.922101088853702)}, {'Generation': 33, 'Best Cost': np.float64(2.922101088853702)}, {'Generation': 34, 'Best Cost': np.float64(2.922101088853702)}, {'Generation': 35, 'Best Cost': np.float64(2.922101088853702)}, {'Generation': 36, 'Best Cost': np.float64(2.922101088853702)}, {'Generation': 37, 'Best Cost': np.float64(2.922101088853702)}, {'Generation': 38, 'Best Cost': np.float64(2.922101088853702)}, {'Generation': 39, 'Best Cost': np.float64(2.922101088853702)}]"
0,8,23499550.0,23437500.0,2.5500304966934046,matrices/8_random_adj_mat_3.txt,"[{'Generation': 0, 'Best Cost': np.float64(3.0644311839769185)}, {'Generation': 0, 'Best Cost': np.float64(3.0644311839769185)}, {'Generation': 1, 'Best Cost': np.float64(2.7494177498094916)}, {'Generation': 2, 'Best Cost': np.float64(2.5500304966934046)}, {'Generation': 3, 'Best Cost': np.float64(2.5500304966934046)}, {'Generation': 4, 'Best Cost': np.float64(2.5500304966934046)}, {'Generation': 5, 'Best Cost': np.float64(2.5500304966934046)}, {'Generation': 6, 'Best Cost': np.float64(2.5500304966934046)}, {'Generation': 7, 'Best Cost': np.float64(2.5500304966934046)}, {'Generation': 8, 'Best Cost': np.float64(2.5500304966934046)}, {'Generation': 9, 'Best Cost': np.float64(2.5500304966934046)}, {'Generation': 10, 'Best Cost': np.float64(2.5500304966934046)}, {'Generation': 11, 'Best Cost': np.float64(2.5500304966934046)}, {'Generation': 12, 'Best Cost': np.float64(2.5500304966934046)}, {'Generation': 13, 'Best Cost': np.float64(2.5500304966934046)}, {'Generation': 14, 'Best Cost': np.float64(2.5500304966934046)}, {'Generation': 15, 'Best Cost': np.float64(2.5500304966934046)}, {'Generation': 16, 'Best Cost': np.float64(2.5500304966934046)}, {'Generation': 17, 'Best Cost': np.float64(2.5500304966934046)}, {'Generation': 18, 'Best Cost': np.float64(2.5500304966934046)}, {'Generation': 19, 'Best Cost': np.float64(2.5500304966934046)}, {'Generation': 20, 'Best Cost': np.float64(2.5500304966934046)}, {'Generation': 21, 'Best Cost': np.float64(2.5500304966934046)}, {'Generation': 22, 'Best Cost': np.float64(2.5500304966934046)}, {'Generation': 23, 'Best Cost': np.float64(2.5500304966934046)}, {'Generation': 24, 'Best Cost': np.float64(2.5500304966934046)}, {'Generation': 25, 'Best Cost': np.float64(2.5500304966934046)}, {'Generation': 26, 'Best Cost': np.float64(2.5500304966934046)}, {'Generation': 27, 'Best Cost': np.float64(2.5500304966934046)}, {'Generation': 28, 'Best Cost': np.float64(2.5500304966934046)}, {'Generation': 29, 'Best Cost': np.float64(2.5500304966934046)}, {'Generation': 30, 'Best Cost': np.float64(2.5500304966934046)}, {'Generation': 31, 'Best Cost': np.float64(2.5500304966934046)}, {'Generation': 32, 'Best Cost': np.float64(2.5500304966934046)}, {'Generation': 33, 'Best Cost': np.float64(2.5500304966934046)}, {'Generation': 34, 'Best Cost': np.float64(2.5500304966934046)}, {'Generation': 35, 'Best Cost': np.float64(2.5500304966934046)}, {'Generation': 36, 'Best Cost': np.float64(2.5500304966934046)}, {'Generation': 37, 'Best Cost': np.float64(2.5500304966934046)}, {'Generation': 38, 'Best Cost': np.float64(2.5500304966934046)}, {'Generation': 39, 'Best Cost': np.float64(2.5500304966934046)}]"
0,8,23230090.0,23437500.0,2.259541309300535,matrices/8_random_adj_mat_4.txt,"[{'Generation': 0, 'Best Cost': np.float64(2.514664535824816)}, {'Generation': 0, 'Best Cost': np.float64(2.514664535824816)}, {'Generation': 1, 'Best Cost': np.float64(2.514664535824816)}, {'Generation': 2, 'Best Cost': np.float64(2.398145655306541)}, {'Generation': 3, 'Best Cost': np.float64(2.3063461388141313)}, {'Generation': 4, 'Best Cost': np.float64(2.3063461388141313)}, {'Generation': 5, 'Best Cost': np.float64(2.3063461388141313)}, {'Generation': 6, 'Best Cost': np.float64(2.3063461388141313)}, {'Generation': 7, 'Best Cost': np.float64(2.3063461388141313)}, {'Generation': 8, 'Best Cost': np.float64(2.3063461388141313)}, {'Generation': 9, 'Best Cost': np.float64(2.3063461388141313)}, {'Generation': 10, 'Best Cost': np.float64(2.3063461388141313)}, {'Generation': 11, 'Best Cost': np.float64(2.259541309300535)}, {'Generation': 12, 'Best Cost': np.float64(2.259541309300535)}, {'Generation': 13, 'Best Cost': np.float64(2.259541309300535)}, {'Generation': 14, 'Best Cost': np.float64(2.259541309300535)}, {'Generation': 15, 'Best Cost': np.float64(2.259541309300535)}, {'Generation': 16, 'Best Cost': np.float64(2.259541309300535)}, {'Generation': 17, 'Best Cost': np.float64(2.259541309300535)}, {'Generation': 18, 'Best Cost': np.float64(2.259541309300535)}, {'Generation': 19, 'Best Cost': np.float64(2.259541309300535)}, {'Generation': 20, 'Best Cost': np.float64(2.259541309300535)}, {'Generation': 21, 'Best Cost': np.float64(2.259541309300535)}, {'Generation': 22, 'Best Cost': np.float64(2.2595413093005345)}, {'Generation': 23, 'Best Cost': np.float64(2.2595413093005345)}, {'Generation': 24, 'Best Cost': np.float64(2.2595413093005345)}, {'Generation': 25, 'Best Cost': np.float64(2.2595413093005345)}, {'Generation': 26, 'Best Cost': np.float64(2.2595413093005345)}, {'Generation': 27, 'Best Cost': np.float64(2.2595413093005345)}, {'Generation': 28, 'Best Cost': np.float64(2.2595413093005345)}, {'Generation': 29, 'Best Cost': np.float64(2.2595413093005345)}, {'Generation': 30, 'Best Cost': np.float64(2.2595413093005345)}, {'Generation': 31, 'Best Cost': np.float64(2.2595413093005345)}, {'Generation': 32, 'Best Cost': np.float64(2.2595413093005345)}, {'Generation': 33, 'Best Cost': np.float64(2.2595413093005345)}, {'Generation': 34, 'Best Cost': np.float64(2.2595413093005345)}, {'Generation': 35, 'Best Cost': np.float64(2.2595413093005345)}, {'Generation': 36, 'Best Cost': np.float64(2.2595413093005345)}, {'Generation': 37, 'Best Cost': np.float64(2.2595413093005345)}, {'Generation': 38, 'Best Cost': np.float64(2.2595413093005345)}, {'Generation': 39, 'Best Cost': np.float64(2.2595413093005345)}]"
0,8,23704280.0,23437500.0,2.5947795613832856,matrices/8_random_adj_mat_5.txt,"[{'Generation': 0, 'Best Cost': np.float64(3.1928504151479173)}, {'Generation': 0, 'Best Cost': np.float64(2.9994864993022823)}, {'Generation': 1, 'Best Cost': np.float64(2.881365663540161)}, {'Generation': 2, 'Best Cost': np.float64(2.84967351367119)}, {'Generation': 3, 'Best Cost': np.float64(2.8306417667395003)}, {'Generation': 4, 'Best Cost': np.float64(2.654401959169481)}, {'Generation': 5, 'Best Cost': np.float64(2.654401959169481)}, {'Generation': 6, 'Best Cost': np.float64(2.654401959169481)}, {'Generation': 7, 'Best Cost': np.float64(2.654401959169481)}, {'Generation': 8, 'Best Cost': np.float64(2.654401959169481)}, {'Generation': 9, 'Best Cost': np.float64(2.654401959169481)}, {'Generation': 10, 'Best Cost': np.float64(2.6414412178753333)}, {'Generation': 11, 'Best Cost': np.float64(2.6414412178753333)}, {'Generation': 12, 'Best Cost': np.float64(2.6414412178753333)}, {'Generation': 13, 'Best Cost': np.float64(2.6414412178753333)}, {'Generation': 14, 'Best Cost': np.float64(2.6414412178753333)}, {'Generation': 15, 'Best Cost': np.float64(2.6414412178753333)}, {'Generation': 16, 'Best Cost': np.float64(2.6414412178753333)}, {'Generation': 17, 'Best Cost': np.float64(2.6414412178753333)}, {'Generation': 18, 'Best Cost': np.float64(2.6414412178753333)}, {'Generation': 19, 'Best Cost': np.float64(2.6414412178753333)}, {'Generation': 20, 'Best Cost': np.float64(2.6414412178753333)}, {'Generation': 21, 'Best Cost': np.float64(2.6414412178753333)}, {'Generation': 22, 'Best Cost': np.float64(2.6414412178753333)}, {'Generation': 23, 'Best Cost': np.float64(2.6414412178753333)}, {'Generation': 24, 'Best Cost': np.float64(2.6414412178753333)}, {'Generation': 25, 'Best Cost': np.float64(2.6414412178753333)}, {'Generation': 26, 'Best Cost': np.float64(2.6414412178753333)}, {'Generation': 27, 'Best Cost': np.float64(2.6414412178753333)}, {'Generation': 28, 'Best Cost': np.float64(2.6414412178753333)}, {'Generation': 29, 'Best Cost': np.float64(2.6414412178753333)}, {'Generation': 30, 'Best Cost': np.float64(2.5947795613832856)}, {'Generation': 31, 'Best Cost': np.float64(2.5947795613832856)}, {'Generation': 32, 'Best Cost': np.float64(2.5947795613832856)}, {'Generation': 33, 'Best Cost': np.float64(2.5947795613832856)}, {'Generation': 34, 'Best Cost': np.float64(2.5947795613832856)}, {'Generation': 35, 'Best Cost': np.float64(2.5947795613832856)}, {'Generation': 36, 'Best Cost': np.float64(2.5947795613832856)}, {'Generation': 37, 'Best Cost': np.float64(2.5947795613832856)}, {'Generation': 38, 'Best Cost': np.float64(2.5947795613832856)}, {'Generation': 39, 'Best Cost': np.float64(2.5947795613832856)}]"
0,8,23498420.0,23437500.0,2.6801242091455992,matrices/8_random_adj_mat_6.txt,"[{'Generation': 0, 'Best Cost': np.float64(2.9345516498334643)}, {'Generation': 0, 'Best Cost': np.float64(2.9345516498334643)}, {'Generation': 1, 'Best Cost': np.float64(2.6801242091455997)}, {'Generation': 2, 'Best Cost': np.float64(2.6801242091455997)}, {'Generation': 3, 'Best Cost': np.float64(2.6801242091455997)}, {'Generation': 4, 'Best Cost': np.float64(2.6801242091455997)}, {'Generation': 5, 'Best Cost': np.float64(2.6801242091455997)}, {'Generation': 6, 'Best Cost': np.float64(2.6801242091455997)}, {'Generation': 7, 'Best Cost': np.float64(2.6801242091455997)}, {'Generation': 8, 'Best Cost': np.float64(2.6801242091455997)}, {'Generation': 9, 'Best Cost': np.float64(2.6801242091455997)}, {'Generation': 10, 'Best Cost': np.float64(2.6801242091455997)}, {'Generation': 11, 'Best Cost': np.float64(2.6801242091455997)}, {'Generation': 12, 'Best Cost': np.float64(2.6801242091455997)}, {'Generation': 13, 'Best Cost': np.float64(2.6801242091455997)}, {'Generation': 14, 'Best Cost': np.float64(2.6801242091455997)}, {'Generation': 15, 'Best Cost': np.float64(2.6801242091455997)}, {'Generation': 16, 'Best Cost': np.float64(2.6801242091455997)}, {'Generation': 17, 'Best Cost': np.float64(2.6801242091455997)}, {'Generation': 18, 'Best Cost': np.float64(2.6801242091455997)}, {'Generation': 19, 'Best Cost': np.float64(2.6801242091455997)}, {'Generation': 20, 'Best Cost': np.float64(2.6801242091455997)}, {'Generation': 21, 'Best Cost': np.float64(2.6801242091455997)}, {'Generation': 22, 'Best Cost': np.float64(2.6801242091455992)}, {'Generation': 23, 'Best Cost': np.float64(2.6801242091455992)}, {'Generation': 24, 'Best Cost': np.float64(2.6801242091455992)}, {'Generation': 25, 'Best Cost': np.float64(2.6801242091455992)}, {'Generation': 26, 'Best Cost': np.float64(2.6801242091455992)}, {'Generation': 27, 'Best Cost': np.float64(2.6801242091455992)}, {'Generation': 28, 'Best Cost': np.float64(2.6801242091455992)}, {'Generation': 29, 'Best Cost': np.float64(2.6801242091455992)}, {'Generation': 30, 'Best Cost': np.float64(2.6801242091455992)}, {'Generation': 31, 'Best Cost': np.float64(2.6801242091455992)}, {'Generation': 32, 'Best Cost': np.float64(2.6801242091455992)}, {'Generation': 33, 'Best Cost': np.float64(2.6801242091455992)}, {'Generation': 34, 'Best Cost': np.float64(2.6801242091455992)}, {'Generation': 35, 'Best Cost': np.float64(2.6801242091455992)}, {'Generation': 36, 'Best Cost': np.float64(2.6801242091455992)}, {'Generation': 37, 'Best Cost': np.float64(2.6801242091455992)}, {'Generation': 38, 'Best Cost': np.float64(2.6801242091455992)}, {'Generation': 39, 'Best Cost': np.float64(2.6801242091455992)}]"
0,8,23602600.0,23437500.0,2.653053185766895,matrices/8_random_adj_mat_7.txt,"[{'Generation': 0, 'Best Cost': np.float64(2.8798375013309343)}, {'Generation': 0, 'Best Cost': np.float64(2.8798375013309343)}, {'Generation': 1, 'Best Cost': np.float64(2.8798375013309343)}, {'Generation': 2, 'Best Cost': np.float64(2.8798375013309343)}, {'Generation': 3, 'Best Cost': np.float64(2.8798375013309343)}, {'Generation': 4, 'Best Cost': np.float64(2.6530531857668955)}, {'Generation': 5, 'Best Cost': np.float64(2.6530531857668955)}, {'Generation': 6, 'Best Cost': np.float64(2.6530531857668955)}, {'Generation': 7, 'Best Cost': np.float64(2.6530531857668955)}, {'Generation': 8, 'Best Cost': np.float64(2.6530531857668955)}, {'Generation': 9, 'Best Cost': np.float64(2.653053185766895)}, {'Generation': 10, 'Best Cost': np.float64(2.653053185766895)}, {'Generation': 11, 'Best Cost': np.float64(2.653053185766895)}, {'Generation': 12, 'Best Cost': np.float64(2.653053185766895)}, {'Generation': 13, 'Best Cost': np.float64(2.653053185766895)}, {'Generation': 14, 'Best Cost': np.float64(2.653053185766895)}, {'Generation': 15, 'Best Cost': np.float64(2.653053185766895)}, {'Generation': 16, 'Best Cost': np.float64(2.653053185766895)}, {'Generation': 17, 'Best Cost': np.float64(2.653053185766895)}, {'Generation': 18, 'Best Cost': np.float64(2.653053185766895)}, {'Generation': 19, 'Best Cost': np.float64(2.653053185766895)}, {'Generation': 20, 'Best Cost': np.float64(2.653053185766895)}, {'Generation': 21, 'Best Cost': np.float64(2.653053185766895)}, {'Generation': 22, 'Best Cost': np.float64(2.653053185766895)}, {'Generation': 23, 'Best Cost': np.float64(2.653053185766895)}, {'Generation': 24, 'Best Cost': np.float64(2.653053185766895)}, {'Generation': 25, 'Best Cost': np.float64(2.653053185766895)}, {'Generation': 26, 'Best Cost': np.float64(2.653053185766895)}, {'Generation': 27, 'Best Cost': np.float64(2.653053185766895)}, {'Generation': 28, 'Best Cost': np.float64(2.653053185766895)}, {'Generation': 29, 'Best Cost': np.float64(2.653053185766895)}, {'Generation': 30, 'Best Cost': np.float64(2.653053185766895)}, {'Generation': 31, 'Best Cost': np.float64(2.653053185766895)}, {'Generation': 32, 'Best Cost': np.float64(2.653053185766895)}, {'Generation': 33, 'Best Cost': np.float64(2.653053185766895)}, {'Generation': 34, 'Best Cost': np.float64(2.653053185766895)}, {'Generation': 35, 'Best Cost': np.float64(2.653053185766895)}, {'Generation': 36, 'Best Cost': np.float64(2.653053185766895)}, {'Generation': 37, 'Best Cost': np.float64(2.653053185766895)}, {'Generation': 38, 'Best Cost': np.float64(2.653053185766895)}, {'Generation': 39, 'Best Cost': np.float64(2.653053185766895)}]"
0,8,23405920.0,23437500.0,2.9245232677730284,matrices/8_random_adj_mat_8.txt,"[{'Generation': 0, 'Best Cost': np.float64(3.5020278990697116)}, {'Generation': 0, 'Best Cost': np.float64(3.4689191764296066)}, {'Generation': 1, 'Best Cost': np.float64(3.34106500866174)}, {'Generation': 2, 'Best Cost': np.float64(3.34106500866174)}, {'Generation': 3, 'Best Cost': np.float64(3.225765263426362)}, {'Generation': 4, 'Best Cost': np.float64(2.9495958253145274)}, {'Generation': 5, 'Best Cost': np.float64(2.9245232677730293)}, {'Generation': 6, 'Best Cost': np.float64(2.9245232677730293)}, {'Generation': 7, 'Best Cost': np.float64(2.9245232677730293)}, {'Generation': 8, 'Best Cost': np.float64(2.9245232677730293)}, {'Generation': 9, 'Best Cost': np.float64(2.9245232677730293)}, {'Generation': 10, 'Best Cost': np.float64(2.9245232677730293)}, {'Generation': 11, 'Best Cost': np.float64(2.9245232677730293)}, {'Generation': 12, 'Best Cost': np.float64(2.9245232677730293)}, {'Generation': 13, 'Best Cost': np.float64(2.9245232677730293)}, {'Generation': 14, 'Best Cost': np.float64(2.9245232677730284)}, {'Generation': 15, 'Best Cost': np.float64(2.9245232677730284)}, {'Generation': 16, 'Best Cost': np.float64(2.9245232677730284)}, {'Generation': 17, 'Best Cost': np.float64(2.9245232677730284)}, {'Generation': 18, 'Best Cost': np.float64(2.9245232677730284)}, {'Generation': 19, 'Best Cost': np.float64(2.9245232677730284)}, {'Generation': 20, 'Best Cost': np.float64(2.9245232677730284)}, {'Generation': 21, 'Best Cost': np.float64(2.9245232677730284)}, {'Generation': 22, 'Best Cost': np.float64(2.9245232677730284)}, {'Generation': 23, 'Best Cost': np.float64(2.9245232677730284)}, {'Generation': 24, 'Best Cost': np.float64(2.9245232677730284)}, {'Generation': 25, 'Best Cost': np.float64(2.9245232677730284)}, {'Generation': 26, 'Best Cost': np.float64(2.9245232677730284)}, {'Generation': 27, 'Best Cost': np.float64(2.9245232677730284)}, {'Generation': 28, 'Best Cost': np.float64(2.9245232677730284)}, {'Generation': 29, 'Best Cost': np.float64(2.9245232677730284)}, {'Generation': 30, 'Best Cost': np.float64(2.9245232677730284)}, {'Generation': 31, 'Best Cost': np.float64(2.9245232677730284)}, {'Generation': 32, 'Best Cost': np.float64(2.9245232677730284)}, {'Generation': 33, 'Best Cost': np.float64(2.9245232677730284)}, {'Generation': 34, 'Best Cost': np.float64(2.9245232677730284)}, {'Generation': 35, 'Best Cost': np.float64(2.9245232677730284)}, {'Generation': 36, 'Best Cost': np.float64(2.9245232677730284)}, {'Generation': 37, 'Best Cost': np.float64(2.9245232677730284)}, {'Generation': 38, 'Best Cost': np.float64(2.9245232677730284)}, {'Generation': 39, 'Best Cost': np.float64(2.9245232677730284)}]"
0,8,23720310.0,23437500.0,2.3974053238819213,matrices/8_random_adj_mat_9.txt,"[{'Generation': 0, 'Best Cost': np.float64(2.990292217176968)}, {'Generation': 0, 'Best Cost': np.float64(2.3974053238819217)}, {'Generation': 1, 'Best Cost': np.float64(2.3974053238819217)}, {'Generation': 2, 'Best Cost': np.float64(2.3974053238819217)}, {'Generation': 3, 'Best Cost': np.float64(2.3974053238819217)}, {'Generation': 4, 'Best Cost': np.float64(2.3974053238819213)}, {'Generation': 5, 'Best Cost': np.float64(2.3974053238819213)}, {'Generation': 6, 'Best Cost': np.float64(2.3974053238819213)}, {'Generation': 7, 'Best Cost': np.float64(2.3974053238819213)}, {'Generation': 8, 'Best Cost': np.float64(2.3974053238819213)}, {'Generation': 9, 'Best Cost': np.float64(2.3974053238819213)}, {'Generation': 10, 'Best Cost': np.float64(2.3974053238819213)}, {'Generation': 11, 'Best Cost': np.float64(2.3974053238819213)}, {'Generation': 12, 'Best Cost': np.float64(2.3974053238819213)}, {'Generation': 13, 'Best Cost': np.float64(2.3974053238819213)}, {'Generation': 14, 'Best Cost': np.float64(2.3974053238819213)}, {'Generation': 15, 'Best Cost': np.float64(2.3974053238819213)}, {'Generation': 16, 'Best Cost': np.float64(2.3974053238819213)}, {'Generation': 17, 'Best Cost': np.float64(2.3974053238819213)}, {'Generation': 18, 'Best Cost': np.float64(2.3974053238819213)}, {'Generation': 19, 'Best Cost': np.float64(2.3974053238819213)}, {'Generation': 20, 'Best Cost': np.float64(2.3974053238819213)}, {'Generation': 21, 'Best Cost': np.float64(2.3974053238819213)}, {'Generation': 22, 'Best Cost': np.float64(2.3974053238819213)}, {'Generation': 23, 'Best Cost': np.float64(2.3974053238819213)}, {'Generation': 24, 'Best Cost': np.float64(2.3974053238819213)}, {'Generation': 25, 'Best Cost': np.float64(2.3974053238819213)}, {'Generation': 26, 'Best Cost': np.float64(2.3974053238819213)}, {'Generation': 27, 'Best Cost': np.float64(2.3974053238819213)}, {'Generation': 28, 'Best Cost': np.float64(2.3974053238819213)}, {'Generation': 29, 'Best Cost': np.float64(2.3974053238819213)}, {'Generation': 30, 'Best Cost': np.float64(2.3974053238819213)}, {'Generation': 31, 'Best Cost': np.float64(2.3974053238819213)}, {'Generation': 32, 'Best Cost': np.float64(2.3974053238819213)}, {'Generation': 33, 'Best Cost': np.float64(2.3974053238819213)}, {'Generation': 34, 'Best Cost': np.float64(2.3974053238819213)}, {'Generation': 35, 'Best Cost': np.float64(2.3974053238819213)}, {'Generation': 36, 'Best Cost': np.float64(2.3974053238819213)}, {'Generation': 37, 'Best Cost': np.float64(2.3974053238819213)}, {'Generation': 38, 'Best Cost': np.float64(2.3974053238819213)}, {'Generation': 39, 'Best Cost': np.float64(2.3974053238819213)}]"
0,9,27386480.0,26562500.0,2.7619467561551287,matrices/9_random_adj_mat_0.txt,"[{'Generation': 0, 'Best Cost': np.float64(3.059738819857641)}, {'Generation': 0, 'Best Cost': np.float64(3.059738819857641)}, {'Generation': 1, 'Best Cost': np.float64(3.059738819857641)}, {'Generation': 2, 'Best Cost': np.float64(3.059738819857641)}, {'Generation': 3, 'Best Cost': np.float64(3.0483242814718157)}, {'Generation': 4, 'Best Cost': np.float64(2.9420675051861744)}, {'Generation': 5, 'Best Cost': np.float64(2.9420675051861744)}, {'Generation': 6, 'Best Cost': np.float64(2.9420675051861744)}, {'Generation': 7, 'Best Cost': np.float64(2.7966868560724234)}, {'Generation': 8, 'Best Cost': np.float64(2.7966868560724234)}, {'Generation': 9, 'Best Cost': np.float64(2.7966868560724234)}, {'Generation': 10, 'Best Cost': np.float64(2.7966868560724234)}, {'Generation': 11, 'Best Cost': np.float64(2.7966868560724234)}, {'Generation': 12, 'Best Cost': np.float64(2.7966868560724234)}, {'Generation': 13, 'Best Cost': np.float64(2.763380495353963)}, {'Generation': 14, 'Best Cost': np.float64(2.763380495353963)}, {'Generation': 15, 'Best Cost': np.float64(2.763380495353963)}, {'Generation': 16, 'Best Cost': np.float64(2.763380495353963)}, {'Generation': 17, 'Best Cost': np.float64(2.763380495353963)}, {'Generation': 18, 'Best Cost': np.float64(2.7619467561551287)}, {'Generation': 19, 'Best Cost': np.float64(2.7619467561551287)}, {'Generation': 20, 'Best Cost': np.float64(2.7619467561551287)}, {'Generation': 21, 'Best Cost': np.float64(2.7619467561551287)}, {'Generation': 22, 'Best Cost': np.float64(2.7619467561551287)}, {'Generation': 23, 'Best Cost': np.float64(2.7619467561551287)}, {'Generation': 24, 'Best Cost': np.float64(2.7619467561551287)}, {'Generation': 25, 'Best Cost': np.float64(2.7619467561551287)}, {'Generation': 26, 'Best Cost': np.float64(2.7619467561551287)}, {'Generation': 27, 'Best Cost': np.float64(2.7619467561551287)}, {'Generation': 28, 'Best Cost': np.float64(2.7619467561551287)}, {'Generation': 29, 'Best Cost': np.float64(2.7619467561551287)}, {'Generation': 30, 'Best Cost': np.float64(2.7619467561551287)}, {'Generation': 31, 'Best Cost': np.float64(2.7619467561551287)}, {'Generation': 32, 'Best Cost': np.float64(2.7619467561551287)}, {'Generation': 33, 'Best Cost': np.float64(2.7619467561551287)}, {'Generation': 34, 'Best Cost': np.float64(2.7619467561551287)}, {'Generation': 35, 'Best Cost': np.float64(2.7619467561551287)}, {'Generation': 36, 'Best Cost': np.float64(2.7619467561551287)}, {'Generation': 37, 'Best Cost': np.float64(2.7619467561551287)}, {'Generation': 38, 'Best Cost': np.float64(2.7619467561551287)}, {'Generation': 39, 'Best Cost': np.float64(2.7619467561551287)}]"
0,9,27810400.0,28125000.0,3.4250616930531534,matrices/9_random_adj_mat_1.txt,"[{'Generation': 0, 'Best Cost': np.float64(4.716361562553208)}, {'Generation': 0, 'Best Cost': np.float64(4.264607915979364)}, {'Generation': 1, 'Best Cost': np.float64(4.264607915979364)}, {'Generation': 2, 'Best Cost': np.float64(4.264607915979364)}, {'Generation': 3, 'Best Cost': np.float64(4.264607915979364)}, {'Generation': 4, 'Best Cost': np.float64(4.218045509030979)}, {'Generation': 5, 'Best Cost': np.float64(4.141368091041917)}, {'Generation': 6, 'Best Cost': np.float64(3.4250616930531534)}, {'Generation': 7, 'Best Cost': np.float64(3.4250616930531534)}, {'Generation': 8, 'Best Cost': np.float64(3.4250616930531534)}, {'Generation': 9, 'Best Cost': np.float64(3.4250616930531534)}, {'Generation': 10, 'Best Cost': np.float64(3.4250616930531534)}, {'Generation': 11, 'Best Cost': np.float64(3.4250616930531534)}, {'Generation': 12, 'Best Cost': np.float64(3.4250616930531534)}, {'Generation': 13, 'Best Cost': np.float64(3.4250616930531534)}, {'Generation': 14, 'Best Cost': np.float64(3.4250616930531534)}, {'Generation': 15, 'Best Cost': np.float64(3.4250616930531534)}, {'Generation': 16, 'Best Cost': np.float64(3.4250616930531534)}, {'Generation': 17, 'Best Cost': np.float64(3.4250616930531534)}, {'Generation': 18, 'Best Cost': np.float64(3.4250616930531534)}, {'Generation': 19, 'Best Cost': np.float64(3.4250616930531534)}, {'Generation': 20, 'Best Cost': np.float64(3.4250616930531534)}, {'Generation': 21, 'Best Cost': np.float64(3.4250616930531534)}, {'Generation': 22, 'Best Cost': np.float64(3.4250616930531534)}, {'Generation': 23, 'Best Cost': np.float64(3.4250616930531534)}, {'Generation': 24, 'Best Cost': np.float64(3.4250616930531534)}, {'Generation': 25, 'Best Cost': np.float64(3.4250616930531534)}, {'Generation': 26, 'Best Cost': np.float64(3.4250616930531534)}, {'Generation': 27, 'Best Cost': np.float64(3.4250616930531534)}, {'Generation': 28, 'Best Cost': np.float64(3.4250616930531534)}, {'Generation': 29, 'Best Cost': np.float64(3.4250616930531534)}, {'Generation': 30, 'Best Cost': np.float64(3.4250616930531534)}, {'Generation': 31, 'Best Cost': np.float64(3.4250616930531534)}, {'Generation': 32, 'Best Cost': np.float64(3.4250616930531534)}, {'Generation': 33, 'Best Cost': np.float64(3.4250616930531534)}, {'Generation': 34, 'Best Cost': np.float64(3.4250616930531534)}, {'Generation': 35, 'Best Cost': np.float64(3.4250616930531534)}, {'Generation': 36, 'Best Cost': np.float64(3.4250616930531534)}, {'Generation': 37, 'Best Cost': np.float64(3.4250616930531534)}, {'Generation': 38, 'Best Cost': np.float64(3.4250616930531534)}, {'Generation': 39, 'Best Cost': np.float64(3.4250616930531534)}]"
0,9,27627750.0,28125000.0,2.976243492945899,matrices/9_random_adj_mat_2.txt,"[{'Generation': 0, 'Best Cost': np.float64(3.5031624294867085)}, {'Generation': 0, 'Best Cost': np.float64(3.5007920714677514)}, {'Generation': 1, 'Best Cost': np.float64(3.5007920714677514)}, {'Generation': 2, 'Best Cost': np.float64(3.266894844664699)}, {'Generation': 3, 'Best Cost': np.float64(3.1380899681038557)}, {'Generation': 4, 'Best Cost': np.float64(3.1380899681038557)}, {'Generation': 5, 'Best Cost': np.float64(3.1380899681038557)}, {'Generation': 6, 'Best Cost': np.float64(3.081282942574493)}, {'Generation': 7, 'Best Cost': np.float64(3.081282942574493)}, {'Generation': 8, 'Best Cost': np.float64(3.081282942574493)}, {'Generation': 9, 'Best Cost': np.float64(3.081282942574493)}, {'Generation': 10, 'Best Cost': np.float64(2.9762434929458994)}, {'Generation': 11, 'Best Cost': np.float64(2.9762434929458994)}, {'Generation': 12, 'Best Cost': np.float64(2.9762434929458994)}, {'Generation': 13, 'Best Cost': np.float64(2.9762434929458994)}, {'Generation': 14, 'Best Cost': np.float64(2.9762434929458994)}, {'Generation': 15, 'Best Cost': np.float64(2.9762434929458994)}, {'Generation': 16, 'Best Cost': np.float64(2.9762434929458994)}, {'Generation': 17, 'Best Cost': np.float64(2.976243492945899)}, {'Generation': 18, 'Best Cost': np.float64(2.976243492945899)}, {'Generation': 19, 'Best Cost': np.float64(2.976243492945899)}, {'Generation': 20, 'Best Cost': np.float64(2.976243492945899)}, {'Generation': 21, 'Best Cost': np.float64(2.976243492945899)}, {'Generation': 22, 'Best Cost': np.float64(2.976243492945899)}, {'Generation': 23, 'Best Cost': np.float64(2.976243492945899)}, {'Generation': 24, 'Best Cost': np.float64(2.976243492945899)}, {'Generation': 25, 'Best Cost': np.float64(2.976243492945899)}, {'Generation': 26, 'Best Cost': np.float64(2.976243492945899)}, {'Generation': 27, 'Best Cost': np.float64(2.976243492945899)}, {'Generation': 28, 'Best Cost': np.float64(2.976243492945899)}, {'Generation': 29, 'Best Cost': np.float64(2.976243492945899)}, {'Generation': 30, 'Best Cost': np.float64(2.976243492945899)}, {'Generation': 31, 'Best Cost': np.float64(2.976243492945899)}, {'Generation': 32, 'Best Cost': np.float64(2.976243492945899)}, {'Generation': 33, 'Best Cost': np.float64(2.976243492945899)}, {'Generation': 34, 'Best Cost': np.float64(2.976243492945899)}, {'Generation': 35, 'Best Cost': np.float64(2.976243492945899)}, {'Generation': 36, 'Best Cost': np.float64(2.976243492945899)}, {'Generation': 37, 'Best Cost': np.float64(2.976243492945899)}, {'Generation': 38, 'Best Cost': np.float64(2.976243492945899)}, {'Generation': 39, 'Best Cost': np.float64(2.976243492945899)}]"
0,9,27393280.0,28125000.0,2.4796224566556866,matrices/9_random_adj_mat_3.txt,"[{'Generation': 0, 'Best Cost': np.float64(2.917821908543032)}, {'Generation': 0, 'Best Cost': np.float64(2.9155414419278936)}, {'Generation': 1, 'Best Cost': np.float64(2.8840884941658707)}, {'Generation': 2, 'Best Cost': np.float64(2.8840884941658707)}, {'Generation': 3, 'Best Cost': np.float64(2.863887496775985)}, {'Generation': 4, 'Best Cost': np.float64(2.6796350373236564)}, {'Generation': 5, 'Best Cost': np.float64(2.510689880599555)}, {'Generation': 6, 'Best Cost': np.float64(2.510689880599555)}, {'Generation': 7, 'Best Cost': np.float64(2.510689880599555)}, {'Generation': 8, 'Best Cost': np.float64(2.510689880599555)}, {'Generation': 9, 'Best Cost': np.float64(2.510689880599555)}, {'Generation': 10, 'Best Cost': np.float64(2.510689880599555)}, {'Generation': 11, 'Best Cost': np.float64(2.510689880599555)}, {'Generation': 12, 'Best Cost': np.float64(2.510689880599555)}, {'Generation': 13, 'Best Cost': np.float64(2.510689880599555)}, {'Generation': 14, 'Best Cost': np.float64(2.5106898805995543)}, {'Generation': 15, 'Best Cost': np.float64(2.4796224566556866)}, {'Generation': 16, 'Best Cost': np.float64(2.4796224566556866)}, {'Generation': 17, 'Best Cost': np.float64(2.4796224566556866)}, {'Generation': 18, 'Best Cost': np.float64(2.4796224566556866)}, {'Generation': 19, 'Best Cost': np.float64(2.4796224566556866)}, {'Generation': 20, 'Best Cost': np.float64(2.4796224566556866)}, {'Generation': 21, 'Best Cost': np.float64(2.4796224566556866)}, {'Generation': 22, 'Best Cost': np.float64(2.4796224566556866)}, {'Generation': 23, 'Best Cost': np.float64(2.4796224566556866)}, {'Generation': 24, 'Best Cost': np.float64(2.4796224566556866)}, {'Generation': 25, 'Best Cost': np.float64(2.4796224566556866)}, {'Generation': 26, 'Best Cost': np.float64(2.4796224566556866)}, {'Generation': 27, 'Best Cost': np.float64(2.4796224566556866)}, {'Generation': 28, 'Best Cost': np.float64(2.4796224566556866)}, {'Generation': 29, 'Best Cost': np.float64(2.4796224566556866)}, {'Generation': 30, 'Best Cost': np.float64(2.4796224566556866)}, {'Generation': 31, 'Best Cost': np.float64(2.4796224566556866)}, {'Generation': 32, 'Best Cost': np.float64(2.4796224566556866)}, {'Generation': 33, 'Best Cost': np.float64(2.4796224566556866)}, {'Generation': 34, 'Best Cost': np.float64(2.4796224566556866)}, {'Generation': 35, 'Best Cost': np.float64(2.4796224566556866)}, {'Generation': 36, 'Best Cost': np.float64(2.4796224566556866)}, {'Generation': 37, 'Best Cost': np.float64(2.4796224566556866)}, {'Generation': 38, 'Best Cost': np.float64(2.4796224566556866)}, {'Generation': 39, 'Best Cost': np.float64(2.4796224566556866)}]"
0,9,27563990.0,26562500.0,2.7505547283881255,matrices/9_random_adj_mat_4.txt,"[{'Generation': 0, 'Best Cost': np.float64(2.8321817340228095)}, {'Generation': 0, 'Best Cost': np.float64(2.8321817340228095)}, {'Generation': 1, 'Best Cost': np.float64(2.8321817340228095)}, {'Generation': 2, 'Best Cost': np.float64(2.8321817340228095)}, {'Generation': 3, 'Best Cost': np.float64(2.8321817340228095)}, {'Generation': 4, 'Best Cost': np.float64(2.8321817340228095)}, {'Generation': 5, 'Best Cost': np.float64(2.8321817340228095)}, {'Generation': 6, 'Best Cost': np.float64(2.8321817340228095)}, {'Generation': 7, 'Best Cost': np.float64(2.781123670053124)}, {'Generation': 8, 'Best Cost': np.float64(2.781123670053124)}, {'Generation': 9, 'Best Cost': np.float64(2.781123670053124)}, {'Generation': 10, 'Best Cost': np.float64(2.781123670053124)}, {'Generation': 11, 'Best Cost': np.float64(2.781123670053124)}, {'Generation': 12, 'Best Cost': np.float64(2.781123670053124)}, {'Generation': 13, 'Best Cost': np.float64(2.781123670053124)}, {'Generation': 14, 'Best Cost': np.float64(2.781123670053124)}, {'Generation': 15, 'Best Cost': np.float64(2.781123670053124)}, {'Generation': 16, 'Best Cost': np.float64(2.781123670053124)}, {'Generation': 17, 'Best Cost': np.float64(2.781123670053124)}, {'Generation': 18, 'Best Cost': np.float64(2.781123670053124)}, {'Generation': 19, 'Best Cost': np.float64(2.781123670053124)}, {'Generation': 20, 'Best Cost': np.float64(2.781123670053124)}, {'Generation': 21, 'Best Cost': np.float64(2.781123670053124)}, {'Generation': 22, 'Best Cost': np.float64(2.781123670053124)}, {'Generation': 23, 'Best Cost': np.float64(2.781123670053124)}, {'Generation': 24, 'Best Cost': np.float64(2.781123670053124)}, {'Generation': 25, 'Best Cost': np.float64(2.781123670053124)}, {'Generation': 26, 'Best Cost': np.float64(2.781123670053124)}, {'Generation': 27, 'Best Cost': np.float64(2.781123670053124)}, {'Generation': 28, 'Best Cost': np.float64(2.781123670053124)}, {'Generation': 29, 'Best Cost': np.float64(2.781123670053124)}, {'Generation': 30, 'Best Cost': np.float64(2.781123670053124)}, {'Generation': 31, 'Best Cost': np.float64(2.781123670053124)}, {'Generation': 32, 'Best Cost': np.float64(2.781123670053124)}, {'Generation': 33, 'Best Cost': np.float64(2.781123670053124)}, {'Generation': 34, 'Best Cost': np.float64(2.781123670053124)}, {'Generation': 35, 'Best Cost': np.float64(2.781123670053124)}, {'Generation': 36, 'Best Cost': np.float64(2.781123670053124)}, {'Generation': 37, 'Best Cost': np.float64(2.781123670053124)}, {'Generation': 38, 'Best Cost': np.float64(2.781123670053124)}, {'Generation': 39, 'Best Cost': np.float64(2.781123670053124)}]"
0,9,28723100.0,29687500.0,2.7163262667987818,matrices/9_random_adj_mat_5.txt,"[{'Generation': 0, 'Best Cost': np.float64(3.798992712367374)}, {'Generation': 0, 'Best Cost': np.float64(3.798992712367374)}, {'Generation': 1, 'Best Cost': np.float64(3.3927437138825725)}, {'Generation': 2, 'Best Cost': np.float64(2.7163262667987818)}, {'Generation': 3, 'Best Cost': np.float64(2.7163262667987818)}, {'Generation': 4, 'Best Cost': np.float64(2.7163262667987818)}, {'Generation': 5, 'Best Cost': np.float64(2.7163262667987818)}, {'Generation': 6, 'Best Cost': np.float64(2.7163262667987818)}, {'Generation': 7, 'Best Cost': np.float64(2.7163262667987818)}, {'Generation': 8, 'Best Cost': np.float64(2.7163262667987818)}, {'Generation': 9, 'Best Cost': np.float64(2.7163262667987818)}, {'Generation': 10, 'Best Cost': np.float64(2.7163262667987818)}, {'Generation': 11, 'Best Cost': np.float64(2.7163262667987818)}, {'Generation': 12, 'Best Cost': np.float64(2.7163262667987818)}, {'Generation': 13, 'Best Cost': np.float64(2.7163262667987818)}, {'Generation': 14, 'Best Cost': np.float64(2.7163262667987818)}, {'Generation': 15, 'Best Cost': np.float64(2.7163262667987818)}, {'Generation': 16, 'Best Cost': np.float64(2.7163262667987818)}, {'Generation': 17, 'Best Cost': np.float64(2.7163262667987818)}, {'Generation': 18, 'Best Cost': np.float64(2.7163262667987818)}, {'Generation': 19, 'Best Cost': np.float64(2.7163262667987818)}, {'Generation': 20, 'Best Cost': np.float64(2.7163262667987818)}, {'Generation': 21, 'Best Cost': np.float64(2.7163262667987818)}, {'Generation': 22, 'Best Cost': np.float64(2.7163262667987818)}, {'Generation': 23, 'Best Cost': np.float64(2.7163262667987818)}, {'Generation': 24, 'Best Cost': np.float64(2.7163262667987818)}, {'Generation': 25, 'Best Cost': np.float64(2.7163262667987818)}, {'Generation': 26, 'Best Cost': np.float64(2.7163262667987818)}, {'Generation': 27, 'Best Cost': np.float64(2.7163262667987818)}, {'Generation': 28, 'Best Cost': np.float64(2.7163262667987818)}, {'Generation': 29, 'Best Cost': np.float64(2.7163262667987818)}, {'Generation': 30, 'Best Cost': np.float64(2.7163262667987818)}, {'Generation': 31, 'Best Cost': np.float64(2.7163262667987818)}, {'Generation': 32, 'Best Cost': np.float64(2.7163262667987818)}, {'Generation': 33, 'Best Cost': np.float64(2.7163262667987818)}, {'Generation': 34, 'Best Cost': np.float64(2.7163262667987818)}, {'Generation': 35, 'Best Cost': np.float64(2.7163262667987818)}, {'Generation': 36, 'Best Cost': np.float64(2.7163262667987818)}, {'Generation': 37, 'Best Cost': np.float64(2.7163262667987813)}, {'Generation': 38, 'Best Cost': np.float64(2.7163262667987813)}, {'Generation': 39, 'Best Cost': np.float64(2.7163262667987813)}]"
0,9,28105610.0,28125000.0,2.921889717407618,matrices/9_random_adj_mat_6.txt,"[{'Generation': 0, 'Best Cost': np.float64(3.6621402247891526)}, {'Generation': 0, 'Best Cost': np.float64(3.6621402247891526)}, {'Generation': 1, 'Best Cost': np.float64(3.6621402247891526)}, {'Generation': 2, 'Best Cost': np.float64(3.1438148349624266)}, {'Generation': 3, 'Best Cost': np.float64(3.1438148349624266)}, {'Generation': 4, 'Best Cost': np.float64(3.1438148349624266)}, {'Generation': 5, 'Best Cost': np.float64(3.1438148349624266)}, {'Generation': 6, 'Best Cost': np.float64(3.1438148349624266)}, {'Generation': 7, 'Best Cost': np.float64(3.0684668677362037)}, {'Generation': 8, 'Best Cost': np.float64(3.0684668677362037)}, {'Generation': 9, 'Best Cost': np.float64(3.043162337521763)}, {'Generation': 10, 'Best Cost': np.float64(3.043162337521763)}, {'Generation': 11, 'Best Cost': np.float64(3.043162337521763)}, {'Generation': 12, 'Best Cost': np.float64(3.043162337521763)}, {'Generation': 13, 'Best Cost': np.float64(3.043162337521763)}, {'Generation': 14, 'Best Cost': np.float64(2.894524414225913)}, {'Generation': 15, 'Best Cost': np.float64(2.894524414225913)}, {'Generation': 16, 'Best Cost': np.float64(2.894524414225913)}, {'Generation': 17, 'Best Cost': np.float64(2.894524414225913)}, {'Generation': 18, 'Best Cost': np.float64(2.894524414225913)}, {'Generation': 19, 'Best Cost': np.float64(2.894524414225913)}, {'Generation': 20, 'Best Cost': np.float64(2.894524414225913)}, {'Generation': 21, 'Best Cost': np.float64(2.894524414225913)}, {'Generation': 22, 'Best Cost': np.float64(2.894524414225913)}, {'Generation': 23, 'Best Cost': np.float64(2.894524414225913)}, {'Generation': 24, 'Best Cost': np.float64(2.894524414225913)}, {'Generation': 25, 'Best Cost': np.float64(2.894524414225913)}, {'Generation': 26, 'Best Cost': np.float64(2.894524414225913)}, {'Generation': 27, 'Best Cost': np.float64(2.894524414225913)}, {'Generation': 28, 'Best Cost': np.float64(2.894524414225913)}, {'Generation': 29, 'Best Cost': np.float64(2.894524414225913)}, {'Generation': 30, 'Best Cost': np.float64(2.894524414225913)}, {'Generation': 31, 'Best Cost': np.float64(2.894524414225913)}, {'Generation': 32, 'Best Cost': np.float64(2.894524414225913)}, {'Generation': 33, 'Best Cost': np.float64(2.894524414225913)}, {'Generation': 34, 'Best Cost': np.float64(2.894524414225913)}, {'Generation': 35, 'Best Cost': np.float64(2.894524414225913)}, {'Generation': 36, 'Best Cost': np.float64(2.894524414225913)}, {'Generation': 37, 'Best Cost': np.float64(2.894524414225913)}, {'Generation': 38, 'Best Cost': np.float64(2.894524414225913)}, {'Generation': 39, 'Best Cost': np.float64(2.894524414225913)}]"
0,9,27205580.0,26562500.0,3.430925771103049,matrices/9_random_adj_mat_7.txt,"[{'Generation': 0, 'Best Cost': np.float64(4.336236552191286)}, {'Generation': 0, 'Best Cost': np.float64(4.137431274497109)}, {'Generation': 1, 'Best Cost': np.float64(3.8060352845636176)}, {'Generation': 2, 'Best Cost': np.float64(3.686888401095775)}, {'Generation': 3, 'Best Cost': np.float64(3.686888401095775)}, {'Generation': 4, 'Best Cost': np.float64(3.686888401095775)}, {'Generation': 5, 'Best Cost': np.float64(3.686888401095775)}, {'Generation': 6, 'Best Cost': np.float64(3.686888401095775)}, {'Generation': 7, 'Best Cost': np.float64(3.686888401095775)}, {'Generation': 8, 'Best Cost': np.float64(3.5745883550701194)}, {'Generation': 9, 'Best Cost': np.float64(3.5745883550701194)}, {'Generation': 10, 'Best Cost': np.float64(3.5745883550701194)}, {'Generation': 11, 'Best Cost': np.float64(3.5745883550701194)}, {'Generation': 12, 'Best Cost': np.float64(3.5745883550701194)}, {'Generation': 13, 'Best Cost': np.float64(3.5745883550701194)}, {'Generation': 14, 'Best Cost': np.float64(3.5745883550701194)}, {'Generation': 15, 'Best Cost': np.float64(3.5745883550701194)}, {'Generation': 16, 'Best Cost': np.float64(3.5228086788082233)}, {'Generation': 17, 'Best Cost': np.float64(3.5228086788082233)}, {'Generation': 18, 'Best Cost': np.float64(3.5228086788082233)}, {'Generation': 19, 'Best Cost': np.float64(3.5228086788082233)}, {'Generation': 20, 'Best Cost': np.float64(3.5228086788082233)}, {'Generation': 21, 'Best Cost': np.float64(3.5228086788082233)}, {'Generation': 22, 'Best Cost': np.float64(3.5228086788082233)}, {'Generation': 23, 'Best Cost': np.float64(3.5228086788082233)}, {'Generation': 24, 'Best Cost': np.float64(3.495731383744362)}, {'Generation': 25, 'Best Cost': np.float64(3.495731383744362)}, {'Generation': 26, 'Best Cost': np.float64(3.4309257711030487)}, {'Generation': 27, 'Best Cost': np.float64(3.4309257711030487)}, {'Generation': 28, 'Best Cost': np.float64(3.4309257711030487)}, {'Generation': 29, 'Best Cost': np.float64(3.4309257711030487)}, {'Generation': 30, 'Best Cost': np.float64(3.4309257711030487)}, {'Generation': 31, 'Best Cost': np.float64(3.4309257711030487)}, {'Generation': 32, 'Best Cost': np.float64(3.4309257711030487)}, {'Generation': 33, 'Best Cost': np.float64(3.4309257711030487)}, {'Generation': 34, 'Best Cost': np.float64(3.4309257711030487)}, {'Generation': 35, 'Best Cost': np.float64(3.4309257711030487)}, {'Generation': 36, 'Best Cost': np.float64(3.4309257711030487)}, {'Generation': 37, 'Best Cost': np.float64(3.4309257711030487)}, {'Generation': 38, 'Best Cost': np.float64(3.4309257711030487)}, {'Generation': 39, 'Best Cost': np.float64(3.4309257711030487)}]"
0,9,27023610.0,28125000.0,2.9485998664242383,matrices/9_random_adj_mat_8.txt,"[{'Generation': 0, 'Best Cost': np.float64(3.459331460310666)}, {'Generation': 0, 'Best Cost': np.float64(3.459331460310666)}, {'Generation': 1, 'Best Cost': np.float64(3.3641372515787396)}, {'Generation': 2, 'Best Cost': np.float64(3.3393438785649296)}, {'Generation': 3, 'Best Cost': np.float64(3.2400213318170406)}, {'Generation': 4, 'Best Cost': np.float64(3.2400213318170406)}, {'Generation': 5, 'Best Cost': np.float64(3.2400213318170406)}, {'Generation': 6, 'Best Cost': np.float64(3.2400213318170406)}, {'Generation': 7, 'Best Cost': np.float64(3.2400213318170406)}, {'Generation': 8, 'Best Cost': np.float64(3.2400213318170406)}, {'Generation': 9, 'Best Cost': np.float64(3.2400213318170406)}, {'Generation': 10, 'Best Cost': np.float64(3.2400213318170406)}, {'Generation': 11, 'Best Cost': np.float64(3.1924909628416986)}, {'Generation': 12, 'Best Cost': np.float64(3.0753788764475747)}, {'Generation': 13, 'Best Cost': np.float64(3.0753788764475747)}, {'Generation': 14, 'Best Cost': np.float64(2.955048742678437)}, {'Generation': 15, 'Best Cost': np.float64(2.955048742678437)}, {'Generation': 16, 'Best Cost': np.float64(2.9485998664242383)}, {'Generation': 17, 'Best Cost': np.float64(2.9485998664242383)}, {'Generation': 18, 'Best Cost': np.float64(2.9485998664242383)}, {'Generation': 19, 'Best Cost': np.float64(2.9485998664242383)}, {'Generation': 20, 'Best Cost': np.float64(2.9485998664242383)}, {'Generation': 21, 'Best Cost': np.float64(2.9485998664242383)}, {'Generation': 22, 'Best Cost': np.float64(2.9485998664242383)}, {'Generation': 23, 'Best Cost': np.float64(2.9485998664242383)}, {'Generation': 24, 'Best Cost': np.float64(2.9485998664242383)}, {'Generation': 25, 'Best Cost': np.float64(2.9485998664242383)}, {'Generation': 26, 'Best Cost': np.float64(2.9485998664242383)}, {'Generation': 27, 'Best Cost': np.float64(2.9485998664242383)}, {'Generation': 28, 'Best Cost': np.float64(2.9485998664242383)}, {'Generation': 29, 'Best Cost': np.float64(2.9485998664242383)}, {'Generation': 30, 'Best Cost': np.float64(2.9485998664242383)}, {'Generation': 31, 'Best Cost': np.float64(2.9485998664242383)}, {'Generation': 32, 'Best Cost': np.float64(2.9485998664242383)}, {'Generation': 33, 'Best Cost': np.float64(2.9485998664242383)}, {'Generation': 34, 'Best Cost': np.float64(2.9485998664242383)}, {'Generation': 35, 'Best Cost': np.float64(2.9485998664242383)}, {'Generation': 36, 'Best Cost': np.float64(2.9485998664242383)}, {'Generation': 37, 'Best Cost': np.float64(2.9485998664242383)}, {'Generation': 38, 'Best Cost': np.float64(2.9485998664242383)}, {'Generation': 39, 'Best Cost': np.float64(2.9485998664242383)}]"
0,9,27216230.0,26562500.0,2.2771753644261548,matrices/9_random_adj_mat_9.txt,"[{'Generation': 0, 'Best Cost': np.float64(2.7400346474523283)}, {'Generation': 0, 'Best Cost': np.float64(2.45424439565945)}, {'Generation': 1, 'Best Cost': np.float64(2.45424439565945)}, {'Generation': 2, 'Best Cost': np.float64(2.446116509087795)}, {'Generation': 3, 'Best Cost': np.float64(2.446116509087795)}, {'Generation': 4, 'Best Cost': np.float64(2.296925898551258)}, {'Generation': 5, 'Best Cost': np.float64(2.296925898551258)}, {'Generation': 6, 'Best Cost': np.float64(2.296925898551258)}, {'Generation': 7, 'Best Cost': np.float64(2.296925898551258)}, {'Generation': 8, 'Best Cost': np.float64(2.296925898551258)}, {'Generation': 9, 'Best Cost': np.float64(2.2771753644261548)}, {'Generation': 10, 'Best Cost': np.float64(2.2771753644261548)}, {'Generation': 11, 'Best Cost': np.float64(2.2771753644261548)}, {'Generation': 12, 'Best Cost': np.float64(2.2771753644261548)}, {'Generation': 13, 'Best Cost': np.float64(2.2771753644261548)}, {'Generation': 14, 'Best Cost': np.float64(2.2771753644261548)}, {'Generation': 15, 'Best Cost': np.float64(2.2771753644261548)}, {'Generation': 16, 'Best Cost': np.float64(2.2771753644261548)}, {'Generation': 17, 'Best Cost': np.float64(2.2771753644261548)}, {'Generation': 18, 'Best Cost': np.float64(2.2771753644261548)}, {'Generation': 19, 'Best Cost': np.float64(2.2771753644261548)}, {'Generation': 20, 'Best Cost': np.float64(2.2771753644261548)}, {'Generation': 21, 'Best Cost': np.float64(2.2771753644261548)}, {'Generation': 22, 'Best Cost': np.float64(2.2771753644261548)}, {'Generation': 23, 'Best Cost': np.float64(2.2771753644261548)}, {'Generation': 24, 'Best Cost': np.float64(2.2771753644261548)}, {'Generation': 25, 'Best Cost': np.float64(2.2771753644261548)}, {'Generation': 26, 'Best Cost': np.float64(2.2771753644261548)}, {'Generation': 27, 'Best Cost': np.float64(2.2771753644261548)}, {'Generation': 28, 'Best Cost': np.float64(2.2771753644261548)}, {'Generation': 29, 'Best Cost': np.float64(2.2771753644261548)}, {'Generation': 30, 'Best Cost': np.float64(2.2771753644261548)}, {'Generation': 31, 'Best Cost': np.float64(2.2771753644261548)}, {'Generation': 32, 'Best Cost': np.float64(2.2771753644261548)}, {'Generation': 33, 'Best Cost': np.float64(2.2771753644261548)}, {'Generation': 34, 'Best Cost': np.float64(2.2771753644261548)}, {'Generation': 35, 'Best Cost': np.float64(2.2771753644261548)}, {'Generation': 36, 'Best Cost': np.float64(2.2771753644261548)}, {'Generation': 37, 'Best Cost': np.float64(2.2771753644261548)}, {'Generation': 38, 'Best Cost': np.float64(2.2771753644261548)}, {'Generation': 39, 'Best Cost': np.float64(2.2771753644261548)}]"
0,10,32068440.0,31250000.0,2.4264022434978916,matrices/10_random_adj_mat_0.txt,"[{'Generation': 0, 'Best Cost': np.float64(3.482718607684474)}, {'Generation': 0, 'Best Cost': np.float64(3.3468852723546996)}, {'Generation': 1, 'Best Cost': np.float64(3.339924446394926)}, {'Generation': 2, 'Best Cost': np.float64(3.047121777771679)}, {'Generation': 3, 'Best Cost': np.float64(2.747881934118299)}, {'Generation': 4, 'Best Cost': np.float64(2.747881934118299)}, {'Generation': 5, 'Best Cost': np.float64(2.747881934118299)}, {'Generation': 6, 'Best Cost': np.float64(2.712786968050583)}, {'Generation': 7, 'Best Cost': np.float64(2.698943228318944)}, {'Generation': 8, 'Best Cost': np.float64(2.698943228318944)}, {'Generation': 9, 'Best Cost': np.float64(2.5606968224794606)}, {'Generation': 10, 'Best Cost': np.float64(2.5606968224794606)}, {'Generation': 11, 'Best Cost': np.float64(2.5606968224794606)}, {'Generation': 12, 'Best Cost': np.float64(2.426402243497891)}, {'Generation': 13, 'Best Cost': np.float64(2.426402243497891)}, {'Generation': 14, 'Best Cost': np.float64(2.426402243497891)}, {'Generation': 15, 'Best Cost': np.float64(2.426402243497891)}, {'Generation': 16, 'Best Cost': np.float64(2.426402243497891)}, {'Generation': 17, 'Best Cost': np.float64(2.426402243497891)}, {'Generation': 18, 'Best Cost': np.float64(2.426402243497891)}, {'Generation': 19, 'Best Cost': np.float64(2.426402243497891)}, {'Generation': 20, 'Best Cost': np.float64(2.426402243497891)}, {'Generation': 21, 'Best Cost': np.float64(2.426402243497891)}, {'Generation': 22, 'Best Cost': np.float64(2.426402243497891)}, {'Generation': 23, 'Best Cost': np.float64(2.426402243497891)}, {'Generation': 24, 'Best Cost': np.float64(2.426402243497891)}, {'Generation': 25, 'Best Cost': np.float64(2.426402243497891)}, {'Generation': 26, 'Best Cost': np.float64(2.426402243497891)}, {'Generation': 27, 'Best Cost': np.float64(2.426402243497891)}, {'Generation': 28, 'Best Cost': np.float64(2.426402243497891)}, {'Generation': 29, 'Best Cost': np.float64(2.426402243497891)}, {'Generation': 30, 'Best Cost': np.float64(2.426402243497891)}, {'Generation': 31, 'Best Cost': np.float64(2.426402243497891)}, {'Generation': 32, 'Best Cost': np.float64(2.426402243497891)}, {'Generation': 33, 'Best Cost': np.float64(2.426402243497891)}, {'Generation': 34, 'Best Cost': np.float64(2.426402243497891)}, {'Generation': 35, 'Best Cost': np.float64(2.426402243497891)}, {'Generation': 36, 'Best Cost': np.float64(2.426402243497891)}, {'Generation': 37, 'Best Cost': np.float64(2.426402243497891)}, {'Generation': 38, 'Best Cost': np.float64(2.426402243497891)}, {'Generation': 39, 'Best Cost': np.float64(2.426402243497891)}]"
0,10,31665130.0,31250000.0,2.91984797950471,matrices/10_random_adj_mat_1.txt,"[{'Generation': 0, 'Best Cost': np.float64(4.03861069786831)}, {'Generation': 0, 'Best Cost': np.float64(3.674528915242081)}, {'Generation': 1, 'Best Cost': np.float64(3.674528915242081)}, {'Generation': 2, 'Best Cost': np.float64(3.5083249490886343)}, {'Generation': 3, 'Best Cost': np.float64(3.325450508340467)}, {'Generation': 4, 'Best Cost': np.float64(3.185873984789475)}, {'Generation': 5, 'Best Cost': np.float64(3.185873984789475)}, {'Generation': 6, 'Best Cost': np.float64(3.185873984789475)}, {'Generation': 7, 'Best Cost': np.float64(3.185873984789475)}, {'Generation': 8, 'Best Cost': np.float64(3.185873984789475)}, {'Generation': 9, 'Best Cost': np.float64(3.185873984789475)}, {'Generation': 10, 'Best Cost': np.float64(3.182871732625873)}, {'Generation': 11, 'Best Cost': np.float64(3.182871732625873)}, {'Generation': 12, 'Best Cost': np.float64(3.182871732625873)}, {'Generation': 13, 'Best Cost': np.float64(3.182871732625873)}, {'Generation': 14, 'Best Cost': np.float64(3.182871732625873)}, {'Generation': 15, 'Best Cost': np.float64(3.182871732625873)}, {'Generation': 16, 'Best Cost': np.float64(3.0494234999078644)}, {'Generation': 17, 'Best Cost': np.float64(3.0494234999078644)}, {'Generation': 18, 'Best Cost': np.float64(3.0494234999078644)}, {'Generation': 19, 'Best Cost': np.float64(3.0494234999078644)}, {'Generation': 20, 'Best Cost': np.float64(3.0494234999078644)}, {'Generation': 21, 'Best Cost': np.float64(3.0494234999078644)}, {'Generation': 22, 'Best Cost': np.float64(3.0494234999078644)}, {'Generation': 23, 'Best Cost': np.float64(3.0494234999078644)}, {'Generation': 24, 'Best Cost': np.float64(3.0494234999078644)}, {'Generation': 25, 'Best Cost': np.float64(3.0494234999078644)}, {'Generation': 26, 'Best Cost': np.float64(3.0494234999078644)}, {'Generation': 27, 'Best Cost': np.float64(3.0494234999078644)}, {'Generation': 28, 'Best Cost': np.float64(3.0494234999078644)}, {'Generation': 29, 'Best Cost': np.float64(3.0494234999078644)}, {'Generation': 30, 'Best Cost': np.float64(3.0494234999078644)}, {'Generation': 31, 'Best Cost': np.float64(3.0353818349113464)}, {'Generation': 32, 'Best Cost': np.float64(3.0353818349113464)}, {'Generation': 33, 'Best Cost': np.float64(3.0353818349113464)}, {'Generation': 34, 'Best Cost': np.float64(3.0353818349113464)}, {'Generation': 35, 'Best Cost': np.float64(3.0353818349113464)}, {'Generation': 36, 'Best Cost': np.float64(3.0353818349113464)}, {'Generation': 37, 'Best Cost': np.float64(3.0353818349113455)}, {'Generation': 38, 'Best Cost': np.float64(3.0353818349113455)}, {'Generation': 39, 'Best Cost': np.float64(3.0353818349113455)}]"
0,10,31949040.0,31250000.0,3.351320331000942,matrices/10_random_adj_mat_2.txt,"[{'Generation': 0, 'Best Cost': np.float64(4.940145799137671)}, {'Generation': 0, 'Best Cost': np.float64(3.8994194919543617)}, {'Generation': 1, 'Best Cost': np.float64(3.8994194919543617)}, {'Generation': 2, 'Best Cost': np.float64(3.8994194919543617)}, {'Generation': 3, 'Best Cost': np.float64(3.8994194919543617)}, {'Generation': 4, 'Best Cost': np.float64(3.7521798983302626)}, {'Generation': 5, 'Best Cost': np.float64(3.733169644585553)}, {'Generation': 6, 'Best Cost': np.float64(3.7109422127051426)}, {'Generation': 7, 'Best Cost': np.float64(3.7109422127051426)}, {'Generation': 8, 'Best Cost': np.float64(3.7109422127051426)}, {'Generation': 9, 'Best Cost': np.float64(3.7109422127051426)}, {'Generation': 10, 'Best Cost': np.float64(3.7109422127051426)}, {'Generation': 11, 'Best Cost': np.float64(3.7109422127051426)}, {'Generation': 12, 'Best Cost': np.float64(3.7109422127051426)}, {'Generation': 13, 'Best Cost': np.float64(3.7109422127051426)}, {'Generation': 14, 'Best Cost': np.float64(3.7109422127051426)}, {'Generation': 15, 'Best Cost': np.float64(3.7109422127051426)}, {'Generation': 16, 'Best Cost': np.float64(3.7109422127051426)}, {'Generation': 17, 'Best Cost': np.float64(3.7109422127051426)}, {'Generation': 18, 'Best Cost': np.float64(3.7109422127051426)}, {'Generation': 19, 'Best Cost': np.float64(3.7109422127051426)}, {'Generation': 20, 'Best Cost': np.float64(3.7109422127051426)}, {'Generation': 21, 'Best Cost': np.float64(3.710942212705142)}, {'Generation': 22, 'Best Cost': np.float64(3.710942212705142)}, {'Generation': 23, 'Best Cost': np.float64(3.710942212705142)}, {'Generation': 24, 'Best Cost': np.float64(3.359837310139134)}, {'Generation': 25, 'Best Cost': np.float64(3.359837310139134)}, {'Generation': 26, 'Best Cost': np.float64(3.359837310139134)}, {'Generation': 27, 'Best Cost': np.float64(3.359837310139134)}, {'Generation': 28, 'Best Cost': np.float64(3.359837310139134)}, {'Generation': 29, 'Best Cost': np.float64(3.359837310139134)}, {'Generation': 30, 'Best Cost': np.float64(3.359837310139134)}, {'Generation': 31, 'Best Cost': np.float64(3.359837310139134)}, {'Generation': 32, 'Best Cost': np.float64(3.359837310139134)}, {'Generation': 33, 'Best Cost': np.float64(3.359837310139134)}, {'Generation': 34, 'Best Cost': np.float64(3.359837310139134)}, {'Generation': 35, 'Best Cost': np.float64(3.359837310139134)}, {'Generation': 36, 'Best Cost': np.float64(3.359837310139134)}, {'Generation': 37, 'Best Cost': np.float64(3.359837310139134)}, {'Generation': 38, 'Best Cost': np.float64(3.359837310139134)}, {'Generation': 39, 'Best Cost': np.float64(3.359837310139134)}]"
0,10,31132440.0,31250000.0,3.297805212130009,matrices/10_random_adj_mat_3.txt,"[{'Generation': 0, 'Best Cost': np.float64(4.631425013867215)}, {'Generation': 0, 'Best Cost': np.float64(4.402191921520838)}, {'Generation': 1, 'Best Cost': np.float64(3.6930383449523125)}, {'Generation': 2, 'Best Cost': np.float64(3.6930383449523125)}, {'Generation': 3, 'Best Cost': np.float64(3.6930383449523125)}, {'Generation': 4, 'Best Cost': np.float64(3.6016348674268)}, {'Generation': 5, 'Best Cost': np.float64(3.589283086539123)}, {'Generation': 6, 'Best Cost': np.float64(3.476273736909335)}, {'Generation': 7, 'Best Cost': np.float64(3.476273736909335)}, {'Generation': 8, 'Best Cost': np.float64(3.476273736909335)}, {'Generation': 9, 'Best Cost': np.float64(3.476273736909335)}, {'Generation': 10, 'Best Cost': np.float64(3.476273736909335)}, {'Generation': 11, 'Best Cost': np.float64(3.476273736909335)}, {'Generation': 12, 'Best Cost': np.float64(3.476273736909335)}, {'Generation': 13, 'Best Cost': np.float64(3.476273736909335)}, {'Generation': 14, 'Best Cost': np.float64(3.476273736909335)}, {'Generation': 15, 'Best Cost': np.float64(3.476273736909335)}, {'Generation': 16, 'Best Cost': np.float64(3.476273736909335)}, {'Generation': 17, 'Best Cost': np.float64(3.442074087708922)}, {'Generation': 18, 'Best Cost': np.float64(3.442074087708922)}, {'Generation': 19, 'Best Cost': np.float64(3.442074087708922)}, {'Generation': 20, 'Best Cost': np.float64(3.442074087708922)}, {'Generation': 21, 'Best Cost': np.float64(3.322465929171122)}, {'Generation': 22, 'Best Cost': np.float64(3.322465929171122)}, {'Generation': 23, 'Best Cost': np.float64(3.322465929171122)}, {'Generation': 24, 'Best Cost': np.float64(3.322465929171122)}, {'Generation': 25, 'Best Cost': np.float64(3.322465929171122)}, {'Generation': 26, 'Best Cost': np.float64(3.322465929171122)}, {'Generation': 27, 'Best Cost': np.float64(3.322465929171122)}, {'Generation': 28, 'Best Cost': np.float64(3.322465929171122)}, {'Generation': 29, 'Best Cost': np.float64(3.322465929171122)}, {'Generation': 30, 'Best Cost': np.float64(3.322465929171122)}, {'Generation': 31, 'Best Cost': np.float64(3.322465929171122)}, {'Generation': 32, 'Best Cost': np.float64(3.322465929171122)}, {'Generation': 33, 'Best Cost': np.float64(3.322465929171122)}, {'Generation': 34, 'Best Cost': np.float64(3.322465929171122)}, {'Generation': 35, 'Best Cost': np.float64(3.322465929171122)}, {'Generation': 36, 'Best Cost': np.float64(3.322465929171122)}, {'Generation': 37, 'Best Cost': np.float64(3.322465929171122)}, {'Generation': 38, 'Best Cost': np.float64(3.322465929171122)}, {'Generation': 39, 'Best Cost': np.float64(3.322465929171122)}]"
0,10,31853920.0,31250000.0,3.2268629179918995,matrices/10_random_adj_mat_4.txt,"[{'Generation': 0, 'Best Cost': np.float64(4.76790572877226)}, {'Generation': 0, 'Best Cost': np.float64(4.76790572877226)}, {'Generation': 1, 'Best Cost': np.float64(4.384840495328833)}, {'Generation': 2, 'Best Cost': np.float64(4.116168848790894)}, {'Generation': 3, 'Best Cost': np.float64(4.116168848790894)}, {'Generation': 4, 'Best Cost': np.float64(3.823031861606571)}, {'Generation': 5, 'Best Cost': np.float64(3.823031861606571)}, {'Generation': 6, 'Best Cost': np.float64(3.7969656046686246)}, {'Generation': 7, 'Best Cost': np.float64(3.4681296353474544)}, {'Generation': 8, 'Best Cost': np.float64(3.4681296353474544)}, {'Generation': 9, 'Best Cost': np.float64(3.4681296353474544)}, {'Generation': 10, 'Best Cost': np.float64(3.40696241848546)}, {'Generation': 11, 'Best Cost': np.float64(3.40696241848546)}, {'Generation': 12, 'Best Cost': np.float64(3.40696241848546)}, {'Generation': 13, 'Best Cost': np.float64(3.3181932222255983)}, {'Generation': 14, 'Best Cost': np.float64(3.3181932222255983)}, {'Generation': 15, 'Best Cost': np.float64(3.3181932222255983)}, {'Generation': 16, 'Best Cost': np.float64(3.3181932222255983)}, {'Generation': 17, 'Best Cost': np.float64(3.3181932222255983)}, {'Generation': 18, 'Best Cost': np.float64(3.3181932222255983)}, {'Generation': 19, 'Best Cost': np.float64(3.3181932222255983)}, {'Generation': 20, 'Best Cost': np.float64(3.3181932222255983)}, {'Generation': 21, 'Best Cost': np.float64(3.3181932222255983)}, {'Generation': 22, 'Best Cost': np.float64(3.3181932222255983)}, {'Generation': 23, 'Best Cost': np.float64(3.3181932222255983)}, {'Generation': 24, 'Best Cost': np.float64(3.3181932222255983)}, {'Generation': 25, 'Best Cost': np.float64(3.3181932222255983)}, {'Generation': 26, 'Best Cost': np.float64(3.3181932222255983)}, {'Generation': 27, 'Best Cost': np.float64(3.3181932222255983)}, {'Generation': 28, 'Best Cost': np.float64(3.3181932222255983)}, {'Generation': 29, 'Best Cost': np.float64(3.3181932222255983)}, {'Generation': 30, 'Best Cost': np.float64(3.3181932222255983)}, {'Generation': 31, 'Best Cost': np.float64(3.3181932222255983)}, {'Generation': 32, 'Best Cost': np.float64(3.3181932222255983)}, {'Generation': 33, 'Best Cost': np.float64(3.3181932222255983)}, {'Generation': 34, 'Best Cost': np.float64(3.3181932222255983)}, {'Generation': 35, 'Best Cost': np.float64(3.3181932222255983)}, {'Generation': 36, 'Best Cost': np.float64(3.3181932222255983)}, {'Generation': 37, 'Best Cost': np.float64(3.3181932222255983)}, {'Generation': 38, 'Best Cost': np.float64(3.3181932222255983)}, {'Generation': 39, 'Best Cost': np.float64(3.3181932222255983)}]"
0,10,31157610.0,31250000.0,2.3340510289117335,matrices/10_random_adj_mat_5.txt,"[{'Generation': 0, 'Best Cost': np.float64(2.913421205438319)}, {'Generation': 0, 'Best Cost': np.float64(2.913421205438319)}, {'Generation': 1, 'Best Cost': np.float64(2.913421205438319)}, {'Generation': 2, 'Best Cost': np.float64(2.913421205438319)}, {'Generation': 3, 'Best Cost': np.float64(2.913421205438319)}, {'Generation': 4, 'Best Cost': np.float64(2.913421205438319)}, {'Generation': 5, 'Best Cost': np.float64(2.5670111000450087)}, {'Generation': 6, 'Best Cost': np.float64(2.5670111000450087)}, {'Generation': 7, 'Best Cost': np.float64(2.5670111000450087)}, {'Generation': 8, 'Best Cost': np.float64(2.5670111000450087)}, {'Generation': 9, 'Best Cost': np.float64(2.5670111000450087)}, {'Generation': 10, 'Best Cost': np.float64(2.5670111000450087)}, {'Generation': 11, 'Best Cost': np.float64(2.5670111000450087)}, {'Generation': 12, 'Best Cost': np.float64(2.5670111000450087)}, {'Generation': 13, 'Best Cost': np.float64(2.5670111000450087)}, {'Generation': 14, 'Best Cost': np.float64(2.5670111000450087)}, {'Generation': 15, 'Best Cost': np.float64(2.5670111000450087)}, {'Generation': 16, 'Best Cost': np.float64(2.5670111000450087)}, {'Generation': 17, 'Best Cost': np.float64(2.5670111000450087)}, {'Generation': 18, 'Best Cost': np.float64(2.5376276162275015)}, {'Generation': 19, 'Best Cost': np.float64(2.5228235211955017)}, {'Generation': 20, 'Best Cost': np.float64(2.5228235211955017)}, {'Generation': 21, 'Best Cost': np.float64(2.5228235211955017)}, {'Generation': 22, 'Best Cost': np.float64(2.5228235211955017)}, {'Generation': 23, 'Best Cost': np.float64(2.5228235211955017)}, {'Generation': 24, 'Best Cost': np.float64(2.5228235211955017)}, {'Generation': 25, 'Best Cost': np.float64(2.5228235211955017)}, {'Generation': 26, 'Best Cost': np.float64(2.5228235211955017)}, {'Generation': 27, 'Best Cost': np.float64(2.5228235211955017)}, {'Generation': 28, 'Best Cost': np.float64(2.5228235211955017)}, {'Generation': 29, 'Best Cost': np.float64(2.3833914675762835)}, {'Generation': 30, 'Best Cost': np.float64(2.3833914675762835)}, {'Generation': 31, 'Best Cost': np.float64(2.3833914675762835)}, {'Generation': 32, 'Best Cost': np.float64(2.3833914675762835)}, {'Generation': 33, 'Best Cost': np.float64(2.3833914675762835)}, {'Generation': 34, 'Best Cost': np.float64(2.3833914675762835)}, {'Generation': 35, 'Best Cost': np.float64(2.3833914675762835)}, {'Generation': 36, 'Best Cost': np.float64(2.3833914675762835)}, {'Generation': 37, 'Best Cost': np.float64(2.3833914675762835)}, {'Generation': 38, 'Best Cost': np.float64(2.3833914675762835)}, {'Generation': 39, 'Best Cost': np.float64(2.3833914675762835)}]"
0,10,30963390.0,31250000.0,2.872101987690036,matrices/10_random_adj_mat_6.txt,"[{'Generation': 0, 'Best Cost': np.float64(3.597901642393439)}, {'Generation': 0, 'Best Cost': np.float64(3.5305032506728447)}, {'Generation': 1, 'Best Cost': np.float64(3.5305032506728447)}, {'Generation': 2, 'Best Cost': np.float64(3.5305032506728447)}, {'Generation': 3, 'Best Cost': np.float64(3.5305032506728447)}, {'Generation': 4, 'Best Cost': np.float64(3.1995487455281513)}, {'Generation': 5, 'Best Cost': np.float64(3.1995487455281513)}, {'Generation': 6, 'Best Cost': np.float64(3.1995487455281513)}, {'Generation': 7, 'Best Cost': np.float64(2.9529303989975118)}, {'Generation': 8, 'Best Cost': np.float64(2.9529303989975118)}, {'Generation': 9, 'Best Cost': np.float64(2.9529303989975118)}, {'Generation': 10, 'Best Cost': np.float64(2.9529303989975118)}, {'Generation': 11, 'Best Cost': np.float64(2.9529303989975118)}, {'Generation': 12, 'Best Cost': np.float64(2.9529303989975118)}, {'Generation': 13, 'Best Cost': np.float64(2.9529303989975118)}, {'Generation': 14, 'Best Cost': np.float64(2.9529303989975118)}, {'Generation': 15, 'Best Cost': np.float64(2.8857885739773876)}, {'Generation': 16, 'Best Cost': np.float64(2.8857885739773876)}, {'Generation': 17, 'Best Cost': np.float64(2.8857885739773876)}, {'Generation': 18, 'Best Cost': np.float64(2.8857885739773876)}, {'Generation': 19, 'Best Cost': np.float64(2.8857885739773876)}, {'Generation': 20, 'Best Cost': np.float64(2.8857885739773876)}, {'Generation': 21, 'Best Cost': np.float64(2.8527480232166775)}, {'Generation': 22, 'Best Cost': np.float64(2.8527480232166775)}, {'Generation': 23, 'Best Cost': np.float64(2.8527480232166775)}, {'Generation': 24, 'Best Cost': np.float64(2.8527480232166775)}, {'Generation': 25, 'Best Cost': np.float64(2.8527480232166775)}, {'Generation': 26, 'Best Cost': np.float64(2.8527480232166775)}, {'Generation': 27, 'Best Cost': np.float64(2.8527480232166775)}, {'Generation': 28, 'Best Cost': np.float64(2.8527480232166775)}, {'Generation': 29, 'Best Cost': np.float64(2.8527480232166775)}, {'Generation': 30, 'Best Cost': np.float64(2.8527480232166775)}, {'Generation': 31, 'Best Cost': np.float64(2.8527480232166775)}, {'Generation': 32, 'Best Cost': np.float64(2.8527480232166775)}, {'Generation': 33, 'Best Cost': np.float64(2.8527480232166775)}, {'Generation': 34, 'Best Cost': np.float64(2.8527480232166775)}, {'Generation': 35, 'Best Cost': np.float64(2.8527480232166775)}, {'Generation': 36, 'Best Cost': np.float64(2.8527480232166775)}, {'Generation': 37, 'Best Cost': np.float64(2.8527480232166775)}, {'Generation': 38, 'Best Cost': np.float64(2.852748023216677)}, {'Generation': 39, 'Best Cost': np.float64(2.852748023216677)}]"
0,10,31554920.0,31250000.0,2.8362240587991137,matrices/10_random_adj_mat_7.txt,"[{'Generation': 0, 'Best Cost': np.float64(4.515871059716263)}, {'Generation': 0, 'Best Cost': np.float64(4.515871059716263)}, {'Generation': 1, 'Best Cost': np.float64(3.9256521662323234)}, {'Generation': 2, 'Best Cost': np.float64(3.9256521662323234)}, {'Generation': 3, 'Best Cost': np.float64(3.785848729378696)}, {'Generation': 4, 'Best Cost': np.float64(3.785848729378696)}, {'Generation': 5, 'Best Cost': np.float64(3.672513616019252)}, {'Generation': 6, 'Best Cost': np.float64(3.457328929461305)}, {'Generation': 7, 'Best Cost': np.float64(3.457328929461305)}, {'Generation': 8, 'Best Cost': np.float64(2.989893677110203)}, {'Generation': 9, 'Best Cost': np.float64(2.989893677110203)}, {'Generation': 10, 'Best Cost': np.float64(2.989893677110203)}, {'Generation': 11, 'Best Cost': np.float64(2.989893677110203)}, {'Generation': 12, 'Best Cost': np.float64(2.989893677110203)}, {'Generation': 13, 'Best Cost': np.float64(2.989893677110203)}, {'Generation': 14, 'Best Cost': np.float64(2.989893677110203)}, {'Generation': 15, 'Best Cost': np.float64(2.989893677110203)}, {'Generation': 16, 'Best Cost': np.float64(2.946644339019692)}, {'Generation': 17, 'Best Cost': np.float64(2.946644339019692)}, {'Generation': 18, 'Best Cost': np.float64(2.946644339019692)}, {'Generation': 19, 'Best Cost': np.float64(2.9466443390196915)}, {'Generation': 20, 'Best Cost': np.float64(2.9466443390196915)}, {'Generation': 21, 'Best Cost': np.float64(2.9466443390196915)}, {'Generation': 22, 'Best Cost': np.float64(2.9466443390196915)}, {'Generation': 23, 'Best Cost': np.float64(2.9466443390196915)}, {'Generation': 24, 'Best Cost': np.float64(2.9466443390196915)}, {'Generation': 25, 'Best Cost': np.float64(2.9466443390196915)}, {'Generation': 26, 'Best Cost': np.float64(2.9466443390196915)}, {'Generation': 27, 'Best Cost': np.float64(2.9466443390196915)}, {'Generation': 28, 'Best Cost': np.float64(2.9466443390196915)}, {'Generation': 29, 'Best Cost': np.float64(2.9466443390196915)}, {'Generation': 30, 'Best Cost': np.float64(2.9466443390196915)}, {'Generation': 31, 'Best Cost': np.float64(2.9466443390196915)}, {'Generation': 32, 'Best Cost': np.float64(2.9466443390196915)}, {'Generation': 33, 'Best Cost': np.float64(2.9466443390196915)}, {'Generation': 34, 'Best Cost': np.float64(2.9466443390196915)}, {'Generation': 35, 'Best Cost': np.float64(2.9466443390196915)}, {'Generation': 36, 'Best Cost': np.float64(2.9466443390196915)}, {'Generation': 37, 'Best Cost': np.float64(2.9466443390196915)}, {'Generation': 38, 'Best Cost': np.float64(2.9466443390196915)}, {'Generation': 39, 'Best Cost': np.float64(2.9466443390196915)}]"
0,10,31118750.0,29687500.0,2.992273558048925,matrices/10_random_adj_mat_8.txt,"[{'Generation': 0, 'Best Cost': np.float64(5.038138622585029)}, {'Generation': 0, 'Best Cost': np.float64(4.765083474628739)}, {'Generation': 1, 'Best Cost': np.float64(3.902354471993584)}, {'Generation': 2, 'Best Cost': np.float64(3.902354471993584)}, {'Generation': 3, 'Best Cost': np.float64(3.651083553674587)}, {'Generation': 4, 'Best Cost': np.float64(3.2885357687599748)}, {'Generation': 5, 'Best Cost': np.float64(3.162093034098583)}, {'Generation': 6, 'Best Cost': np.float64(3.162093034098583)}, {'Generation': 7, 'Best Cost': np.float64(3.162093034098583)}, {'Generation': 8, 'Best Cost': np.float64(3.162093034098583)}, {'Generation': 9, 'Best Cost': np.float64(3.126414586399033)}, {'Generation': 10, 'Best Cost': np.float64(3.126414586399033)}, {'Generation': 11, 'Best Cost': np.float64(3.126414586399033)}, {'Generation': 12, 'Best Cost': np.float64(3.05967384762593)}, {'Generation': 13, 'Best Cost': np.float64(3.05967384762593)}, {'Generation': 14, 'Best Cost': np.float64(3.05967384762593)}, {'Generation': 15, 'Best Cost': np.float64(3.0006191859583344)}, {'Generation': 16, 'Best Cost': np.float64(3.0006191859583344)}, {'Generation': 17, 'Best Cost': np.float64(3.0006191859583344)}, {'Generation': 18, 'Best Cost': np.float64(3.0006191859583344)}, {'Generation': 19, 'Best Cost': np.float64(2.9922735580489253)}, {'Generation': 20, 'Best Cost': np.float64(2.9922735580489253)}, {'Generation': 21, 'Best Cost': np.float64(2.9922735580489253)}, {'Generation': 22, 'Best Cost': np.float64(2.9922735580489253)}, {'Generation': 23, 'Best Cost': np.float64(2.9922735580489253)}, {'Generation': 24, 'Best Cost': np.float64(2.9922735580489253)}, {'Generation': 25, 'Best Cost': np.float64(2.9922735580489253)}, {'Generation': 26, 'Best Cost': np.float64(2.9922735580489253)}, {'Generation': 27, 'Best Cost': np.float64(2.9922735580489253)}, {'Generation': 28, 'Best Cost': np.float64(2.9922735580489244)}, {'Generation': 29, 'Best Cost': np.float64(2.9922735580489244)}, {'Generation': 30, 'Best Cost': np.float64(2.9922735580489244)}, {'Generation': 31, 'Best Cost': np.float64(2.983899143056186)}, {'Generation': 32, 'Best Cost': np.float64(2.983899143056186)}, {'Generation': 33, 'Best Cost': np.float64(2.983899143056186)}, {'Generation': 34, 'Best Cost': np.float64(2.983899143056186)}, {'Generation': 35, 'Best Cost': np.float64(2.9838991430561856)}, {'Generation': 36, 'Best Cost': np.float64(2.9838991430561856)}, {'Generation': 37, 'Best Cost': np.float64(2.9838991430561856)}, {'Generation': 38, 'Best Cost': np.float64(2.9838991430561856)}, {'Generation': 39, 'Best Cost': np.float64(2.9838991430561856)}]"
0,10,31277990.0,31250000.0,2.828184716381501,matrices/10_random_adj_mat_9.txt,"[{'Generation': 0, 'Best Cost': np.float64(4.237015012482781)}, {'Generation': 0, 'Best Cost': np.float64(4.176189591523337)}, {'Generation': 1, 'Best Cost': np.float64(3.802208656805295)}, {'Generation': 2, 'Best Cost': np.float64(3.5487113916306656)}, {'Generation': 3, 'Best Cost': np.float64(3.384106934838591)}, {'Generation': 4, 'Best Cost': np.float64(3.384106934838591)}, {'Generation': 5, 'Best Cost': np.float64(3.3821419981265164)}, {'Generation': 6, 'Best Cost': np.float64(3.192167033082831)}, {'Generation': 7, 'Best Cost': np.float64(3.192167033082831)}, {'Generation': 8, 'Best Cost': np.float64(3.192167033082831)}, {'Generation': 9, 'Best Cost': np.float64(3.185237077681435)}, {'Generation': 10, 'Best Cost': np.float64(3.185237077681435)}, {'Generation': 11, 'Best Cost': np.float64(3.1516313312518274)}, {'Generation': 12, 'Best Cost': np.float64(3.112667986551773)}, {'Generation': 13, 'Best Cost': np.float64(3.112667986551773)}, {'Generation': 14, 'Best Cost': np.float64(3.112667986551773)}, {'Generation': 15, 'Best Cost': np.float64(3.112667986551773)}, {'Generation': 16, 'Best Cost': np.float64(3.112667986551773)}, {'Generation': 17, 'Best Cost': np.float64(2.89516936860368)}, {'Generation': 18, 'Best Cost': np.float64(2.89516936860368)}, {'Generation': 19, 'Best Cost': np.float64(2.89516936860368)}, {'Generation': 20, 'Best Cost': np.float64(2.89516936860368)}, {'Generation': 21, 'Best Cost': np.float64(2.89516936860368)}, {'Generation': 22, 'Best Cost': np.float64(2.89516936860368)}, {'Generation': 23, 'Best Cost': np.float64(2.89516936860368)}, {'Generation': 24, 'Best Cost': np.float64(2.89516936860368)}, {'Generation': 25, 'Best Cost': np.float64(2.89516936860368)}, {'Generation': 26, 'Best Cost': np.float64(2.89516936860368)}, {'Generation': 27, 'Best Cost': np.float64(2.89516936860368)}, {'Generation': 28, 'Best Cost': np.float64(2.89516936860368)}, {'Generation': 29, 'Best Cost': np.float64(2.89516936860368)}, {'Generation': 30, 'Best Cost': np.float64(2.89516936860368)}, {'Generation': 31, 'Best Cost': np.float64(2.89516936860368)}, {'Generation': 32, 'Best Cost': np.float64(2.89516936860368)}, {'Generation': 33, 'Best Cost': np.float64(2.89516936860368)}, {'Generation': 34, 'Best Cost': np.float64(2.89516936860368)}, {'Generation': 35, 'Best Cost': np.float64(2.89516936860368)}, {'Generation': 36, 'Best Cost': np.float64(2.89516936860368)}, {'Generation': 37, 'Best Cost': np.float64(2.89516936860368)}, {'Generation': 38, 'Best Cost': np.float64(2.89516936860368)}, {'Generation': 39, 'Best Cost': np.float64(2.89516936860368)}]"
0,15,54857410.0,54687500.0,3.965609879290095,matrices/15_random_adj_mat_0.txt,"[{'Generation': 0, 'Best Cost': np.float64(6.309541667482932)}, {'Generation': 0, 'Best Cost': np.float64(6.309541667482932)}, {'Generation': 1, 'Best Cost': np.float64(6.163188309240686)}, {'Generation': 2, 'Best Cost': np.float64(5.370896758891278)}, {'Generation': 3, 'Best Cost': np.float64(5.370896758891278)}, {'Generation': 4, 'Best Cost': np.float64(5.370896758891278)}, {'Generation': 5, 'Best Cost': np.float64(5.370896758891278)}, {'Generation': 6, 'Best Cost': np.float64(5.294276332386392)}, {'Generation': 7, 'Best Cost': np.float64(4.188357127630158)}, {'Generation': 8, 'Best Cost': np.float64(4.188357127630158)}, {'Generation': 9, 'Best Cost': np.float64(4.188357127630158)}, {'Generation': 10, 'Best Cost': np.float64(4.188357127630158)}, {'Generation': 11, 'Best Cost': np.float64(4.188357127630158)}, {'Generation': 12, 'Best Cost': np.float64(4.188357127630158)}, {'Generation': 13, 'Best Cost': np.float64(4.188357127630158)}, {'Generation': 14, 'Best Cost': np.float64(4.188357127630158)}, {'Generation': 15, 'Best Cost': np.float64(4.188357127630158)}, {'Generation': 16, 'Best Cost': np.float64(4.188357127630158)}, {'Generation': 17, 'Best Cost': np.float64(4.188357127630158)}, {'Generation': 18, 'Best Cost': np.float64(4.188357127630158)}, {'Generation': 19, 'Best Cost': np.float64(3.975532576523691)}, {'Generation': 20, 'Best Cost': np.float64(3.975532576523691)}, {'Generation': 21, 'Best Cost': np.float64(3.975532576523691)}, {'Generation': 22, 'Best Cost': np.float64(3.975532576523691)}, {'Generation': 23, 'Best Cost': np.float64(3.975532576523691)}, {'Generation': 24, 'Best Cost': np.float64(3.975532576523691)}, {'Generation': 25, 'Best Cost': np.float64(3.975532576523691)}, {'Generation': 26, 'Best Cost': np.float64(3.933590700234403)}, {'Generation': 27, 'Best Cost': np.float64(3.933590700234403)}, {'Generation': 28, 'Best Cost': np.float64(3.933590700234403)}, {'Generation': 29, 'Best Cost': np.float64(3.933590700234403)}, {'Generation': 30, 'Best Cost': np.float64(3.933590700234403)}, {'Generation': 31, 'Best Cost': np.float64(3.933590700234403)}, {'Generation': 32, 'Best Cost': np.float64(3.933590700234403)}, {'Generation': 33, 'Best Cost': np.float64(3.933590700234403)}, {'Generation': 34, 'Best Cost': np.float64(3.933590700234403)}, {'Generation': 35, 'Best Cost': np.float64(3.933590700234403)}, {'Generation': 36, 'Best Cost': np.float64(3.933590700234403)}, {'Generation': 37, 'Best Cost': np.float64(3.933590700234403)}, {'Generation': 38, 'Best Cost': np.float64(3.9035230107332497)}, {'Generation': 39, 'Best Cost': np.float64(3.9035230107332497)}]"
0,15,55241310.0,54687500.0,3.587669049376651,matrices/15_random_adj_mat_1.txt,"[{'Generation': 0, 'Best Cost': np.float64(5.685805287336688)}, {'Generation': 0, 'Best Cost': np.float64(5.58008531911854)}, {'Generation': 1, 'Best Cost': np.float64(5.309285529067278)}, {'Generation': 2, 'Best Cost': np.float64(4.747012602747709)}, {'Generation': 3, 'Best Cost': np.float64(4.689132487289752)}, {'Generation': 4, 'Best Cost': np.float64(4.342630746391741)}, {'Generation': 5, 'Best Cost': np.float64(4.342630746391741)}, {'Generation': 6, 'Best Cost': np.float64(4.078200210684006)}, {'Generation': 7, 'Best Cost': np.float64(4.078200210684006)}, {'Generation': 8, 'Best Cost': np.float64(4.078200210684006)}, {'Generation': 9, 'Best Cost': np.float64(4.078200210684006)}, {'Generation': 10, 'Best Cost': np.float64(3.991510317629879)}, {'Generation': 11, 'Best Cost': np.float64(3.8695829752082096)}, {'Generation': 12, 'Best Cost': np.float64(3.8695829752082096)}, {'Generation': 13, 'Best Cost': np.float64(3.8695829752082096)}, {'Generation': 14, 'Best Cost': np.float64(3.8695829752082096)}, {'Generation': 15, 'Best Cost': np.float64(3.8695829752082096)}, {'Generation': 16, 'Best Cost': np.float64(3.5615927701899275)}, {'Generation': 17, 'Best Cost': np.float64(3.5615927701899275)}, {'Generation': 18, 'Best Cost': np.float64(3.5615927701899275)}, {'Generation': 19, 'Best Cost': np.float64(3.5615927701899275)}, {'Generation': 20, 'Best Cost': np.float64(3.5615927701899275)}, {'Generation': 21, 'Best Cost': np.float64(3.5615927701899275)}, {'Generation': 22, 'Best Cost': np.float64(3.5615927701899275)}, {'Generation': 23, 'Best Cost': np.float64(3.5615927701899275)}, {'Generation': 24, 'Best Cost': np.float64(3.5615927701899275)}, {'Generation': 25, 'Best Cost': np.float64(3.5615927701899275)}, {'Generation': 26, 'Best Cost': np.float64(3.5615927701899275)}, {'Generation': 27, 'Best Cost': np.float64(3.5615927701899275)}, {'Generation': 28, 'Best Cost': np.float64(3.5407756347524746)}, {'Generation': 29, 'Best Cost': np.float64(3.5407756347524746)}, {'Generation': 30, 'Best Cost': np.float64(3.5407756347524746)}, {'Generation': 31, 'Best Cost': np.float64(3.410502536718603)}, {'Generation': 32, 'Best Cost': np.float64(3.410502536718603)}, {'Generation': 33, 'Best Cost': np.float64(3.410502536718603)}, {'Generation': 34, 'Best Cost': np.float64(3.410502536718603)}, {'Generation': 35, 'Best Cost': np.float64(3.410502536718603)}, {'Generation': 36, 'Best Cost': np.float64(3.410502536718603)}, {'Generation': 37, 'Best Cost': np.float64(3.410502536718603)}, {'Generation': 38, 'Best Cost': np.float64(3.410502536718603)}, {'Generation': 39, 'Best Cost': np.float64(3.410502536718603)}]"
0,15,54830300.0,54687500.0,3.744916940674261,matrices/15_random_adj_mat_2.txt,"[{'Generation': 0, 'Best Cost': np.float64(6.93044459405789)}, {'Generation': 0, 'Best Cost': np.float64(6.383196235813597)}, {'Generation': 1, 'Best Cost': np.float64(5.895796850757007)}, {'Generation': 2, 'Best Cost': np.float64(5.895796850757007)}, {'Generation': 3, 'Best Cost': np.float64(5.895796850757007)}, {'Generation': 4, 'Best Cost': np.float64(5.526034154169926)}, {'Generation': 5, 'Best Cost': np.float64(4.312906282561105)}, {'Generation': 6, 'Best Cost': np.float64(4.312906282561105)}, {'Generation': 7, 'Best Cost': np.float64(4.312906282561105)}, {'Generation': 8, 'Best Cost': np.float64(4.312906282561105)}, {'Generation': 9, 'Best Cost': np.float64(4.312906282561105)}, {'Generation': 10, 'Best Cost': np.float64(4.160299067769365)}, {'Generation': 11, 'Best Cost': np.float64(4.160299067769365)}, {'Generation': 12, 'Best Cost': np.float64(4.083139405746961)}, {'Generation': 13, 'Best Cost': np.float64(4.083139405746961)}, {'Generation': 14, 'Best Cost': np.float64(4.083139405746961)}, {'Generation': 15, 'Best Cost': np.float64(4.083139405746961)}, {'Generation': 16, 'Best Cost': np.float64(4.083139405746961)}, {'Generation': 17, 'Best Cost': np.float64(4.083139405746961)}, {'Generation': 18, 'Best Cost': np.float64(4.083139405746961)}, {'Generation': 19, 'Best Cost': np.float64(4.083139405746961)}, {'Generation': 20, 'Best Cost': np.float64(4.083139405746961)}, {'Generation': 21, 'Best Cost': np.float64(4.083139405746961)}, {'Generation': 22, 'Best Cost': np.float64(4.075714655523446)}, {'Generation': 23, 'Best Cost': np.float64(4.075714655523446)}, {'Generation': 24, 'Best Cost': np.float64(4.075714655523446)}, {'Generation': 25, 'Best Cost': np.float64(4.075714655523446)}, {'Generation': 26, 'Best Cost': np.float64(4.075714655523446)}, {'Generation': 27, 'Best Cost': np.float64(4.075714655523446)}, {'Generation': 28, 'Best Cost': np.float64(4.075714655523446)}, {'Generation': 29, 'Best Cost': np.float64(3.9667056087715213)}, {'Generation': 30, 'Best Cost': np.float64(3.9667056087715213)}, {'Generation': 31, 'Best Cost': np.float64(3.9667056087715213)}, {'Generation': 32, 'Best Cost': np.float64(3.9667056087715213)}, {'Generation': 33, 'Best Cost': np.float64(3.9667056087715213)}, {'Generation': 34, 'Best Cost': np.float64(3.9667056087715213)}, {'Generation': 35, 'Best Cost': np.float64(3.9667056087715213)}, {'Generation': 36, 'Best Cost': np.float64(3.9667056087715213)}, {'Generation': 37, 'Best Cost': np.float64(3.9667056087715213)}, {'Generation': 38, 'Best Cost': np.float64(3.9667056087715213)}, {'Generation': 39, 'Best Cost': np.float64(3.9667056087715213)}]"
0,15,55426710.0,54687500.0,3.664392211698041,matrices/15_random_adj_mat_3.txt,"[{'Generation': 0, 'Best Cost': np.float64(5.991937612044467)}, {'Generation': 0, 'Best Cost': np.float64(5.612462532725419)}, {'Generation': 1, 'Best Cost': np.float64(5.612462532725419)}, {'Generation': 2, 'Best Cost': np.float64(5.501729272827621)}, {'Generation': 3, 'Best Cost': np.float64(5.501729272827621)}, {'Generation': 4, 'Best Cost': np.float64(4.464433309406385)}, {'Generation': 5, 'Best Cost': np.float64(4.464433309406385)}, {'Generation': 6, 'Best Cost': np.float64(4.464433309406385)}, {'Generation': 7, 'Best Cost': np.float64(4.464433309406385)}, {'Generation': 8, 'Best Cost': np.float64(4.464433309406385)}, {'Generation': 9, 'Best Cost': np.float64(4.389405837478228)}, {'Generation': 10, 'Best Cost': np.float64(4.389405837478228)}, {'Generation': 11, 'Best Cost': np.float64(4.304320245415686)}, {'Generation': 12, 'Best Cost': np.float64(4.304320245415686)}, {'Generation': 13, 'Best Cost': np.float64(4.304320245415686)}, {'Generation': 14, 'Best Cost': np.float64(4.206872785662298)}, {'Generation': 15, 'Best Cost': np.float64(4.206872785662298)}, {'Generation': 16, 'Best Cost': np.float64(4.206872785662298)}, {'Generation': 17, 'Best Cost': np.float64(4.1547053070666635)}, {'Generation': 18, 'Best Cost': np.float64(4.1547053070666635)}, {'Generation': 19, 'Best Cost': np.float64(3.9891299760398873)}, {'Generation': 20, 'Best Cost': np.float64(3.9891299760398873)}, {'Generation': 21, 'Best Cost': np.float64(3.879711585561469)}, {'Generation': 22, 'Best Cost': np.float64(3.879711585561469)}, {'Generation': 23, 'Best Cost': np.float64(3.879711585561469)}, {'Generation': 24, 'Best Cost': np.float64(3.809774145174349)}, {'Generation': 25, 'Best Cost': np.float64(3.809774145174349)}, {'Generation': 26, 'Best Cost': np.float64(3.720537445571014)}, {'Generation': 27, 'Best Cost': np.float64(3.720537445571014)}, {'Generation': 28, 'Best Cost': np.float64(3.720537445571014)}, {'Generation': 29, 'Best Cost': np.float64(3.568811460659864)}, {'Generation': 30, 'Best Cost': np.float64(3.568811460659864)}, {'Generation': 31, 'Best Cost': np.float64(3.568811460659864)}, {'Generation': 32, 'Best Cost': np.float64(3.568811460659864)}, {'Generation': 33, 'Best Cost': np.float64(3.568811460659864)}, {'Generation': 34, 'Best Cost': np.float64(3.568811460659864)}, {'Generation': 35, 'Best Cost': np.float64(3.568811460659864)}, {'Generation': 36, 'Best Cost': np.float64(3.568811460659864)}, {'Generation': 37, 'Best Cost': np.float64(3.568811460659864)}, {'Generation': 38, 'Best Cost': np.float64(3.568811460659864)}, {'Generation': 39, 'Best Cost': np.float64(3.568811460659864)}]"
0,15,56540750.0,56250000.0,3.524842961118431,matrices/15_random_adj_mat_4.txt,"[{'Generation': 0, 'Best Cost': np.float64(6.01024693611657)}, {'Generation': 0, 'Best Cost': np.float64(6.01024693611657)}, {'Generation': 1, 'Best Cost': np.float64(5.7623338453440915)}, {'Generation': 2, 'Best Cost': np.float64(4.854652851390125)}, {'Generation': 3, 'Best Cost': np.float64(4.5506610130670655)}, {'Generation': 4, 'Best Cost': np.float64(4.5506610130670655)}, {'Generation': 5, 'Best Cost': np.float64(4.5506610130670655)}, {'Generation': 6, 'Best Cost': np.float64(4.077178732230286)}, {'Generation': 7, 'Best Cost': np.float64(4.077178732230286)}, {'Generation': 8, 'Best Cost': np.float64(3.815425554531469)}, {'Generation': 9, 'Best Cost': np.float64(3.815425554531469)}, {'Generation': 10, 'Best Cost': np.float64(3.815425554531469)}, {'Generation': 11, 'Best Cost': np.float64(3.815425554531469)}, {'Generation': 12, 'Best Cost': np.float64(3.815425554531469)}, {'Generation': 13, 'Best Cost': np.float64(3.815425554531469)}, {'Generation': 14, 'Best Cost': np.float64(3.815425554531469)}, {'Generation': 15, 'Best Cost': np.float64(3.815425554531469)}, {'Generation': 16, 'Best Cost': np.float64(3.815425554531469)}, {'Generation': 17, 'Best Cost': np.float64(3.815425554531469)}, {'Generation': 18, 'Best Cost': np.float64(3.75273608237389)}, {'Generation': 19, 'Best Cost': np.float64(3.75273608237389)}, {'Generation': 20, 'Best Cost': np.float64(3.75273608237389)}, {'Generation': 21, 'Best Cost': np.float64(3.75273608237389)}, {'Generation': 22, 'Best Cost': np.float64(3.75273608237389)}, {'Generation': 23, 'Best Cost': np.float64(3.731031860472962)}, {'Generation': 24, 'Best Cost': np.float64(3.731031860472962)}, {'Generation': 25, 'Best Cost': np.float64(3.6978321539389034)}, {'Generation': 26, 'Best Cost': np.float64(3.6978321539389034)}, {'Generation': 27, 'Best Cost': np.float64(3.530253343020294)}, {'Generation': 28, 'Best Cost': np.float64(3.33014937603403)}, {'Generation': 29, 'Best Cost': np.float64(3.33014937603403)}, {'Generation': 30, 'Best Cost': np.float64(3.33014937603403)}, {'Generation': 31, 'Best Cost': np.float64(3.33014937603403)}, {'Generation': 32, 'Best Cost': np.float64(3.33014937603403)}, {'Generation': 33, 'Best Cost': np.float64(3.33014937603403)}, {'Generation': 34, 'Best Cost': np.float64(3.33014937603403)}, {'Generation': 35, 'Best Cost': np.float64(3.33014937603403)}, {'Generation': 36, 'Best Cost': np.float64(3.33014937603403)}, {'Generation': 37, 'Best Cost': np.float64(3.33014937603403)}, {'Generation': 38, 'Best Cost': np.float64(3.33014937603403)}, {'Generation': 39, 'Best Cost': np.float64(3.33014937603403)}]"
0,15,54614260.0,54687500.0,3.169564682441993,matrices/15_random_adj_mat_5.txt,"[{'Generation': 0, 'Best Cost': np.float64(6.124832241042957)}, {'Generation': 0, 'Best Cost': np.float64(5.909204251896712)}, {'Generation': 1, 'Best Cost': np.float64(5.290753986988111)}, {'Generation': 2, 'Best Cost': np.float64(5.290753986988111)}, {'Generation': 3, 'Best Cost': np.float64(4.818464852328817)}, {'Generation': 4, 'Best Cost': np.float64(4.272228269502227)}, {'Generation': 5, 'Best Cost': np.float64(4.272228269502227)}, {'Generation': 6, 'Best Cost': np.float64(4.272228269502227)}, {'Generation': 7, 'Best Cost': np.float64(3.9126576166200193)}, {'Generation': 8, 'Best Cost': np.float64(3.9126576166200193)}, {'Generation': 9, 'Best Cost': np.float64(3.6218453604984813)}, {'Generation': 10, 'Best Cost': np.float64(3.6218453604984813)}, {'Generation': 11, 'Best Cost': np.float64(3.6218453604984813)}, {'Generation': 12, 'Best Cost': np.float64(3.6218453604984813)}, {'Generation': 13, 'Best Cost': np.float64(3.442302019603303)}, {'Generation': 14, 'Best Cost': np.float64(3.1852476442681867)}, {'Generation': 15, 'Best Cost': np.float64(3.1852476442681867)}, {'Generation': 16, 'Best Cost': np.float64(3.1852476442681867)}, {'Generation': 17, 'Best Cost': np.float64(3.1852476442681867)}, {'Generation': 18, 'Best Cost': np.float64(3.1852476442681867)}, {'Generation': 19, 'Best Cost': np.float64(3.1852476442681867)}, {'Generation': 20, 'Best Cost': np.float64(3.1614421288155836)}, {'Generation': 21, 'Best Cost': np.float64(3.1614421288155836)}, {'Generation': 22, 'Best Cost': np.float64(3.1614421288155836)}, {'Generation': 23, 'Best Cost': np.float64(3.1614421288155836)}, {'Generation': 24, 'Best Cost': np.float64(3.1614421288155836)}, {'Generation': 25, 'Best Cost': np.float64(3.1614421288155836)}, {'Generation': 26, 'Best Cost': np.float64(3.1614421288155836)}, {'Generation': 27, 'Best Cost': np.float64(3.1302843665235254)}, {'Generation': 28, 'Best Cost': np.float64(3.1302843665235254)}, {'Generation': 29, 'Best Cost': np.float64(3.1302843665235254)}, {'Generation': 30, 'Best Cost': np.float64(3.130284366523525)}, {'Generation': 31, 'Best Cost': np.float64(3.130284366523525)}, {'Generation': 32, 'Best Cost': np.float64(3.130284366523525)}, {'Generation': 33, 'Best Cost': np.float64(3.130284366523525)}, {'Generation': 34, 'Best Cost': np.float64(3.130284366523525)}, {'Generation': 35, 'Best Cost': np.float64(3.130284366523525)}, {'Generation': 36, 'Best Cost': np.float64(3.130284366523525)}, {'Generation': 37, 'Best Cost': np.float64(3.111695394518474)}, {'Generation': 38, 'Best Cost': np.float64(3.053824200175044)}, {'Generation': 39, 'Best Cost': np.float64(3.053824200175044)}]"
0,15,54066260.0,54687500.0,3.1367355942989184,matrices/15_random_adj_mat_6.txt,"[{'Generation': 0, 'Best Cost': np.float64(4.432977310308963)}, {'Generation': 0, 'Best Cost': np.float64(4.432977310308963)}, {'Generation': 1, 'Best Cost': np.float64(4.432977310308963)}, {'Generation': 2, 'Best Cost': np.float64(4.3886675421511505)}, {'Generation': 3, 'Best Cost': np.float64(4.362529818639683)}, {'Generation': 4, 'Best Cost': np.float64(4.272902583918744)}, {'Generation': 5, 'Best Cost': np.float64(4.272902583918744)}, {'Generation': 6, 'Best Cost': np.float64(4.226844011216965)}, {'Generation': 7, 'Best Cost': np.float64(4.029390475067055)}, {'Generation': 8, 'Best Cost': np.float64(4.029390475067055)}, {'Generation': 9, 'Best Cost': np.float64(3.904369144968434)}, {'Generation': 10, 'Best Cost': np.float64(3.904369144968434)}, {'Generation': 11, 'Best Cost': np.float64(3.904369144968434)}, {'Generation': 12, 'Best Cost': np.float64(3.904369144968434)}, {'Generation': 13, 'Best Cost': np.float64(3.904369144968434)}, {'Generation': 14, 'Best Cost': np.float64(3.904369144968434)}, {'Generation': 15, 'Best Cost': np.float64(3.6521505844470954)}, {'Generation': 16, 'Best Cost': np.float64(3.543143744410064)}, {'Generation': 17, 'Best Cost': np.float64(3.543143744410064)}, {'Generation': 18, 'Best Cost': np.float64(3.543143744410064)}, {'Generation': 19, 'Best Cost': np.float64(3.543143744410064)}, {'Generation': 20, 'Best Cost': np.float64(3.3462370562981474)}, {'Generation': 21, 'Best Cost': np.float64(3.3462370562981474)}, {'Generation': 22, 'Best Cost': np.float64(3.3462370562981474)}, {'Generation': 23, 'Best Cost': np.float64(3.3462370562981474)}, {'Generation': 24, 'Best Cost': np.float64(3.297921465711204)}, {'Generation': 25, 'Best Cost': np.float64(3.297921465711204)}, {'Generation': 26, 'Best Cost': np.float64(3.297921465711204)}, {'Generation': 27, 'Best Cost': np.float64(3.297921465711204)}, {'Generation': 28, 'Best Cost': np.float64(3.297921465711204)}, {'Generation': 29, 'Best Cost': np.float64(3.297921465711204)}, {'Generation': 30, 'Best Cost': np.float64(3.297921465711204)}, {'Generation': 31, 'Best Cost': np.float64(3.2775397700509297)}, {'Generation': 32, 'Best Cost': np.float64(3.2775397700509297)}, {'Generation': 33, 'Best Cost': np.float64(3.2775397700509297)}, {'Generation': 34, 'Best Cost': np.float64(3.140927286567276)}, {'Generation': 35, 'Best Cost': np.float64(3.140927286567276)}, {'Generation': 36, 'Best Cost': np.float64(3.140927286567276)}, {'Generation': 37, 'Best Cost': np.float64(3.1156014332319057)}, {'Generation': 38, 'Best Cost': np.float64(2.987771646392434)}, {'Generation': 39, 'Best Cost': np.float64(2.987771646392434)}]"
0,15,55860440.0,56250000.0,3.174733272872263,matrices/15_random_adj_mat_7.txt,"[{'Generation': 0, 'Best Cost': np.float64(5.302195680078351)}, {'Generation': 0, 'Best Cost': np.float64(5.302195680078351)}, {'Generation': 1, 'Best Cost': np.float64(5.004400379229717)}, {'Generation': 2, 'Best Cost': np.float64(4.593823466030693)}, {'Generation': 3, 'Best Cost': np.float64(4.400426192258688)}, {'Generation': 4, 'Best Cost': np.float64(4.0370734621086894)}, {'Generation': 5, 'Best Cost': np.float64(4.0370734621086894)}, {'Generation': 6, 'Best Cost': np.float64(4.0370734621086894)}, {'Generation': 7, 'Best Cost': np.float64(3.9601346386679173)}, {'Generation': 8, 'Best Cost': np.float64(3.9601346386679173)}, {'Generation': 9, 'Best Cost': np.float64(3.673872359265629)}, {'Generation': 10, 'Best Cost': np.float64(3.673872359265629)}, {'Generation': 11, 'Best Cost': np.float64(3.673872359265629)}, {'Generation': 12, 'Best Cost': np.float64(3.673872359265629)}, {'Generation': 13, 'Best Cost': np.float64(3.4328199629286873)}, {'Generation': 14, 'Best Cost': np.float64(3.4328199629286873)}, {'Generation': 15, 'Best Cost': np.float64(3.4328199629286873)}, {'Generation': 16, 'Best Cost': np.float64(3.4328199629286873)}, {'Generation': 17, 'Best Cost': np.float64(3.4328199629286873)}, {'Generation': 18, 'Best Cost': np.float64(3.4328199629286873)}, {'Generation': 19, 'Best Cost': np.float64(3.4328199629286873)}, {'Generation': 20, 'Best Cost': np.float64(3.4328199629286873)}, {'Generation': 21, 'Best Cost': np.float64(3.4328199629286873)}, {'Generation': 22, 'Best Cost': np.float64(3.4328199629286873)}, {'Generation': 23, 'Best Cost': np.float64(3.4328199629286873)}, {'Generation': 24, 'Best Cost': np.float64(3.4328199629286873)}, {'Generation': 25, 'Best Cost': np.float64(3.4328199629286873)}, {'Generation': 26, 'Best Cost': np.float64(3.4328199629286873)}, {'Generation': 27, 'Best Cost': np.float64(3.4328199629286873)}, {'Generation': 28, 'Best Cost': np.float64(3.4328199629286873)}, {'Generation': 29, 'Best Cost': np.float64(3.4328199629286873)}, {'Generation': 30, 'Best Cost': np.float64(3.4328199629286873)}, {'Generation': 31, 'Best Cost': np.float64(3.4328199629286873)}, {'Generation': 32, 'Best Cost': np.float64(3.4328199629286873)}, {'Generation': 33, 'Best Cost': np.float64(3.4328199629286873)}, {'Generation': 34, 'Best Cost': np.float64(3.4328199629286873)}, {'Generation': 35, 'Best Cost': np.float64(3.4328199629286873)}, {'Generation': 36, 'Best Cost': np.float64(3.4328199629286873)}, {'Generation': 37, 'Best Cost': np.float64(3.4328199629286873)}, {'Generation': 38, 'Best Cost': np.float64(3.4328199629286873)}, {'Generation': 39, 'Best Cost': np.float64(3.4328199629286873)}]"
0,15,55168500.0,54687500.0,3.0890458299201713,matrices/15_random_adj_mat_8.txt,"[{'Generation': 0, 'Best Cost': np.float64(5.975844803400407)}, {'Generation': 0, 'Best Cost': np.float64(5.845637817570085)}, {'Generation': 1, 'Best Cost': np.float64(5.1621649711287105)}, {'Generation': 2, 'Best Cost': np.float64(5.1621649711287105)}, {'Generation': 3, 'Best Cost': np.float64(4.993242832855239)}, {'Generation': 4, 'Best Cost': np.float64(4.993242832855239)}, {'Generation': 5, 'Best Cost': np.float64(4.357759489569684)}, {'Generation': 6, 'Best Cost': np.float64(4.357759489569684)}, {'Generation': 7, 'Best Cost': np.float64(3.432853319966929)}, {'Generation': 8, 'Best Cost': np.float64(3.432853319966929)}, {'Generation': 9, 'Best Cost': np.float64(3.432853319966929)}, {'Generation': 10, 'Best Cost': np.float64(3.432853319966929)}, {'Generation': 11, 'Best Cost': np.float64(3.432853319966929)}, {'Generation': 12, 'Best Cost': np.float64(3.432853319966929)}, {'Generation': 13, 'Best Cost': np.float64(3.432853319966929)}, {'Generation': 14, 'Best Cost': np.float64(3.255874173311655)}, {'Generation': 15, 'Best Cost': np.float64(3.255874173311655)}, {'Generation': 16, 'Best Cost': np.float64(3.255874173311655)}, {'Generation': 17, 'Best Cost': np.float64(3.255874173311655)}, {'Generation': 18, 'Best Cost': np.float64(3.255874173311655)}, {'Generation': 19, 'Best Cost': np.float64(3.255874173311655)}, {'Generation': 20, 'Best Cost': np.float64(3.255874173311655)}, {'Generation': 21, 'Best Cost': np.float64(3.255874173311655)}, {'Generation': 22, 'Best Cost': np.float64(3.255874173311655)}, {'Generation': 23, 'Best Cost': np.float64(3.255874173311655)}, {'Generation': 24, 'Best Cost': np.float64(3.255874173311655)}, {'Generation': 25, 'Best Cost': np.float64(3.255874173311655)}, {'Generation': 26, 'Best Cost': np.float64(3.0575653272311407)}, {'Generation': 27, 'Best Cost': np.float64(3.0575653272311407)}, {'Generation': 28, 'Best Cost': np.float64(3.0575653272311407)}, {'Generation': 29, 'Best Cost': np.float64(3.0575653272311407)}, {'Generation': 30, 'Best Cost': np.float64(3.0575653272311407)}, {'Generation': 31, 'Best Cost': np.float64(2.9015286946165286)}, {'Generation': 32, 'Best Cost': np.float64(2.850773671882997)}, {'Generation': 33, 'Best Cost': np.float64(2.7818963411812465)}, {'Generation': 34, 'Best Cost': np.float64(2.7818963411812465)}, {'Generation': 35, 'Best Cost': np.float64(2.7818963411812465)}, {'Generation': 36, 'Best Cost': np.float64(2.7818963411812465)}, {'Generation': 37, 'Best Cost': np.float64(2.7818963411812465)}, {'Generation': 38, 'Best Cost': np.float64(2.7818963411812465)}, {'Generation': 39, 'Best Cost': np.float64(2.7818963411812465)}]"
0,15,54330050.0,53125000.0,3.6956596276847247,matrices/15_random_adj_mat_9.txt,"[{'Generation': 0, 'Best Cost': np.float64(6.367079344586706)}, {'Generation': 0, 'Best Cost': np.float64(5.323912801644603)}, {'Generation': 1, 'Best Cost': np.float64(5.323912801644603)}, {'Generation': 2, 'Best Cost': np.float64(5.11508872391499)}, {'Generation': 3, 'Best Cost': np.float64(5.11508872391499)}, {'Generation': 4, 'Best Cost': np.float64(5.11508872391499)}, {'Generation': 5, 'Best Cost': np.float64(4.910310578870058)}, {'Generation': 6, 'Best Cost': np.float64(4.695759131505856)}, {'Generation': 7, 'Best Cost': np.float64(4.338264227532832)}, {'Generation': 8, 'Best Cost': np.float64(4.338264227532832)}, {'Generation': 9, 'Best Cost': np.float64(4.338264227532832)}, {'Generation': 10, 'Best Cost': np.float64(4.2688968637143105)}, {'Generation': 11, 'Best Cost': np.float64(4.2688968637143105)}, {'Generation': 12, 'Best Cost': np.float64(4.226995586069453)}, {'Generation': 13, 'Best Cost': np.float64(4.226995586069453)}, {'Generation': 14, 'Best Cost': np.float64(4.024966029518628)}, {'Generation': 15, 'Best Cost': np.float64(4.005882240498964)}, {'Generation': 16, 'Best Cost': np.float64(4.005882240498964)}, {'Generation': 17, 'Best Cost': np.float64(4.005882240498964)}, {'Generation': 18, 'Best Cost': np.float64(4.005882240498964)}, {'Generation': 19, 'Best Cost': np.float64(4.005882240498964)}, {'Generation': 20, 'Best Cost': np.float64(3.822774125286533)}, {'Generation': 21, 'Best Cost': np.float64(3.822774125286533)}, {'Generation': 22, 'Best Cost': np.float64(3.822774125286533)}, {'Generation': 23, 'Best Cost': np.float64(3.8218754320250548)}, {'Generation': 24, 'Best Cost': np.float64(3.8218754320250548)}, {'Generation': 25, 'Best Cost': np.float64(3.8218754320250548)}, {'Generation': 26, 'Best Cost': np.float64(3.8218754320250548)}, {'Generation': 27, 'Best Cost': np.float64(3.8218754320250548)}, {'Generation': 28, 'Best Cost': np.float64(3.768298588784967)}, {'Generation': 29, 'Best Cost': np.float64(3.768298588784967)}, {'Generation': 30, 'Best Cost': np.float64(3.768298588784967)}, {'Generation': 31, 'Best Cost': np.float64(3.768298588784967)}, {'Generation': 32, 'Best Cost': np.float64(3.768298588784967)}, {'Generation': 33, 'Best Cost': np.float64(3.768298588784967)}, {'Generation': 34, 'Best Cost': np.float64(3.6091250207072987)}, {'Generation': 35, 'Best Cost': np.float64(3.6091250207072987)}, {'Generation': 36, 'Best Cost': np.float64(3.6091250207072987)}, {'Generation': 37, 'Best Cost': np.float64(3.6091250207072987)}, {'Generation': 38, 'Best Cost': np.float64(3.6091250207072987)}, {'Generation': 39, 'Best Cost': np.float64(3.6091250207072987)}]"
0,20,86085480.0,87500000.0,4.55092507029688,matrices/20_random_adj_mat_0.txt,"[{'Generation': 0, 'Best Cost': np.float64(7.320968883467569)}, {'Generation': 0, 'Best Cost': np.float64(7.320968883467569)}, {'Generation': 1, 'Best Cost': np.float64(6.931762670682154)}, {'Generation': 2, 'Best Cost': np.float64(6.931762670682154)}, {'Generation': 3, 'Best Cost': np.float64(6.623226417236347)}, {'Generation': 4, 'Best Cost': np.float64(6.623226417236347)}, {'Generation': 5, 'Best Cost': np.float64(6.326640523488011)}, {'Generation': 6, 'Best Cost': np.float64(6.322519633710773)}, {'Generation': 7, 'Best Cost': np.float64(6.13411203191495)}, {'Generation': 8, 'Best Cost': np.float64(5.97617236639294)}, {'Generation': 9, 'Best Cost': np.float64(5.653014372852417)}, {'Generation': 10, 'Best Cost': np.float64(5.653014372852417)}, {'Generation': 11, 'Best Cost': np.float64(5.641617169414607)}, {'Generation': 12, 'Best Cost': np.float64(5.549631643728788)}, {'Generation': 13, 'Best Cost': np.float64(5.549631643728788)}, {'Generation': 14, 'Best Cost': np.float64(5.327203564338555)}, {'Generation': 15, 'Best Cost': np.float64(5.327203564338555)}, {'Generation': 16, 'Best Cost': np.float64(4.975198824744686)}, {'Generation': 17, 'Best Cost': np.float64(4.975198824744686)}, {'Generation': 18, 'Best Cost': np.float64(4.760228437263895)}, {'Generation': 19, 'Best Cost': np.float64(4.760228437263895)}, {'Generation': 20, 'Best Cost': np.float64(4.760228437263895)}, {'Generation': 21, 'Best Cost': np.float64(4.760228437263895)}, {'Generation': 22, 'Best Cost': np.float64(4.760228437263895)}, {'Generation': 23, 'Best Cost': np.float64(4.760228437263895)}, {'Generation': 24, 'Best Cost': np.float64(4.760228437263895)}, {'Generation': 25, 'Best Cost': np.float64(4.760228437263895)}, {'Generation': 26, 'Best Cost': np.float64(4.760228437263895)}, {'Generation': 27, 'Best Cost': np.float64(4.760228437263895)}, {'Generation': 28, 'Best Cost': np.float64(4.760228437263895)}, {'Generation': 29, 'Best Cost': np.float64(4.760228437263895)}, {'Generation': 30, 'Best Cost': np.float64(4.760228437263895)}, {'Generation': 31, 'Best Cost': np.float64(4.760228437263895)}, {'Generation': 32, 'Best Cost': np.float64(4.760228437263895)}, {'Generation': 33, 'Best Cost': np.float64(4.760228437263895)}, {'Generation': 34, 'Best Cost': np.float64(4.760228437263895)}, {'Generation': 35, 'Best Cost': np.float64(4.760228437263895)}, {'Generation': 36, 'Best Cost': np.float64(4.760228437263895)}, {'Generation': 37, 'Best Cost': np.float64(4.760228437263895)}, {'Generation': 38, 'Best Cost': np.float64(4.760228437263895)}, {'Generation': 39, 'Best Cost': np.float64(4.760228437263895)}]"
0,20,89269510.0,89062500.0,5.676005005220499,matrices/20_random_adj_mat_1.txt,"[{'Generation': 0, 'Best Cost': np.float64(9.376992833624573)}, {'Generation': 0, 'Best Cost': np.float64(7.876798238714134)}, {'Generation': 1, 'Best Cost': np.float64(7.876798238714134)}, {'Generation': 2, 'Best Cost': np.float64(7.0268975284948985)}, {'Generation': 3, 'Best Cost': np.float64(7.0268975284948985)}, {'Generation': 4, 'Best Cost': np.float64(7.0268975284948985)}, {'Generation': 5, 'Best Cost': np.float64(7.0268975284948985)}, {'Generation': 6, 'Best Cost': np.float64(7.0268975284948985)}, {'Generation': 7, 'Best Cost': np.float64(7.0268975284948985)}, {'Generation': 8, 'Best Cost': np.float64(6.87778916519624)}, {'Generation': 9, 'Best Cost': np.float64(6.87778916519624)}, {'Generation': 10, 'Best Cost': np.float64(6.87778916519624)}, {'Generation': 11, 'Best Cost': np.float64(6.87778916519624)}, {'Generation': 12, 'Best Cost': np.float64(6.503427051251297)}, {'Generation': 13, 'Best Cost': np.float64(6.503427051251297)}, {'Generation': 14, 'Best Cost': np.float64(6.503427051251297)}, {'Generation': 15, 'Best Cost': np.float64(6.503427051251297)}, {'Generation': 16, 'Best Cost': np.float64(6.503427051251297)}, {'Generation': 17, 'Best Cost': np.float64(6.1314512328750155)}, {'Generation': 18, 'Best Cost': np.float64(6.1314512328750155)}, {'Generation': 19, 'Best Cost': np.float64(6.1314512328750155)}, {'Generation': 20, 'Best Cost': np.float64(5.765222648208276)}, {'Generation': 21, 'Best Cost': np.float64(5.765222648208276)}, {'Generation': 22, 'Best Cost': np.float64(5.765222648208276)}, {'Generation': 23, 'Best Cost': np.float64(5.765222648208276)}, {'Generation': 24, 'Best Cost': np.float64(5.765222648208276)}, {'Generation': 25, 'Best Cost': np.float64(5.765222648208276)}, {'Generation': 26, 'Best Cost': np.float64(5.765222648208276)}, {'Generation': 27, 'Best Cost': np.float64(5.765222648208276)}, {'Generation': 28, 'Best Cost': np.float64(5.765222648208276)}, {'Generation': 29, 'Best Cost': np.float64(5.765222648208276)}, {'Generation': 30, 'Best Cost': np.float64(5.765222648208276)}, {'Generation': 31, 'Best Cost': np.float64(5.765222648208276)}, {'Generation': 32, 'Best Cost': np.float64(5.5997802813768045)}, {'Generation': 33, 'Best Cost': np.float64(5.5997802813768045)}, {'Generation': 34, 'Best Cost': np.float64(5.5997802813768045)}, {'Generation': 35, 'Best Cost': np.float64(5.5997802813768045)}, {'Generation': 36, 'Best Cost': np.float64(5.5997802813768045)}, {'Generation': 37, 'Best Cost': np.float64(5.5997802813768045)}, {'Generation': 38, 'Best Cost': np.float64(5.5997802813768045)}, {'Generation': 39, 'Best Cost': np.float64(5.5997802813768045)}]"
0,20,84983230.0,84375000.0,5.126652073935847,matrices/20_random_adj_mat_2.txt,"[{'Generation': 0, 'Best Cost': np.float64(10.050257314061287)}, {'Generation': 0, 'Best Cost': np.float64(9.937317996582673)}, {'Generation': 1, 'Best Cost': np.float64(9.596521285620469)}, {'Generation': 2, 'Best Cost': np.float64(8.434974574504741)}, {'Generation': 3, 'Best Cost': np.float64(8.261514357920431)}, {'Generation': 4, 'Best Cost': np.float64(7.803488392704244)}, {'Generation': 5, 'Best Cost': np.float64(7.297039616373733)}, {'Generation': 6, 'Best Cost': np.float64(7.297039616373733)}, {'Generation': 7, 'Best Cost': np.float64(7.219282788561239)}, {'Generation': 8, 'Best Cost': np.float64(7.219282788561239)}, {'Generation': 9, 'Best Cost': np.float64(7.219282788561239)}, {'Generation': 10, 'Best Cost': np.float64(6.4928765157088)}, {'Generation': 11, 'Best Cost': np.float64(6.4928765157088)}, {'Generation': 12, 'Best Cost': np.float64(6.4928765157088)}, {'Generation': 13, 'Best Cost': np.float64(6.226537079187285)}, {'Generation': 14, 'Best Cost': np.float64(6.226537079187285)}, {'Generation': 15, 'Best Cost': np.float64(6.226537079187285)}, {'Generation': 16, 'Best Cost': np.float64(6.051330351103624)}, {'Generation': 17, 'Best Cost': np.float64(6.051330351103624)}, {'Generation': 18, 'Best Cost': np.float64(5.932451829559538)}, {'Generation': 19, 'Best Cost': np.float64(5.932451829559538)}, {'Generation': 20, 'Best Cost': np.float64(5.932451829559538)}, {'Generation': 21, 'Best Cost': np.float64(5.932451829559538)}, {'Generation': 22, 'Best Cost': np.float64(5.506482708954201)}, {'Generation': 23, 'Best Cost': np.float64(5.506482708954201)}, {'Generation': 24, 'Best Cost': np.float64(5.506482708954201)}, {'Generation': 25, 'Best Cost': np.float64(5.506482708954201)}, {'Generation': 26, 'Best Cost': np.float64(5.506482708954201)}, {'Generation': 27, 'Best Cost': np.float64(5.3404805191076266)}, {'Generation': 28, 'Best Cost': np.float64(5.3404805191076266)}, {'Generation': 29, 'Best Cost': np.float64(5.282770302802151)}, {'Generation': 30, 'Best Cost': np.float64(5.068907414594057)}, {'Generation': 31, 'Best Cost': np.float64(5.068907414594057)}, {'Generation': 32, 'Best Cost': np.float64(5.068907414594057)}, {'Generation': 33, 'Best Cost': np.float64(5.068907414594057)}, {'Generation': 34, 'Best Cost': np.float64(5.068907414594057)}, {'Generation': 35, 'Best Cost': np.float64(5.024754560054891)}, {'Generation': 36, 'Best Cost': np.float64(5.024754560054891)}, {'Generation': 37, 'Best Cost': np.float64(5.024754560054891)}, {'Generation': 38, 'Best Cost': np.float64(5.024754560054891)}, {'Generation': 39, 'Best Cost': np.float64(5.024754560054891)}]"
0,20,86194480.0,85937500.0,5.278920717330431,matrices/20_random_adj_mat_3.txt,"[{'Generation': 0, 'Best Cost': np.float64(7.8852007617046365)}, {'Generation': 0, 'Best Cost': np.float64(7.8852007617046365)}, {'Generation': 1, 'Best Cost': np.float64(7.8852007617046365)}, {'Generation': 2, 'Best Cost': np.float64(7.8852007617046365)}, {'Generation': 3, 'Best Cost': np.float64(7.8852007617046365)}, {'Generation': 4, 'Best Cost': np.float64(7.27970745691376)}, {'Generation': 5, 'Best Cost': np.float64(7.27970745691376)}, {'Generation': 6, 'Best Cost': np.float64(7.27970745691376)}, {'Generation': 7, 'Best Cost': np.float64(7.27970745691376)}, {'Generation': 8, 'Best Cost': np.float64(7.27970745691376)}, {'Generation': 9, 'Best Cost': np.float64(6.875348059482773)}, {'Generation': 10, 'Best Cost': np.float64(6.844420064132112)}, {'Generation': 11, 'Best Cost': np.float64(6.844420064132112)}, {'Generation': 12, 'Best Cost': np.float64(6.756390636765315)}, {'Generation': 13, 'Best Cost': np.float64(6.421248226657099)}, {'Generation': 14, 'Best Cost': np.float64(6.3891567439905135)}, {'Generation': 15, 'Best Cost': np.float64(6.3891567439905135)}, {'Generation': 16, 'Best Cost': np.float64(6.193913001867041)}, {'Generation': 17, 'Best Cost': np.float64(6.193913001867041)}, {'Generation': 18, 'Best Cost': np.float64(5.666983263438782)}, {'Generation': 19, 'Best Cost': np.float64(5.666983263438782)}, {'Generation': 20, 'Best Cost': np.float64(5.666983263438782)}, {'Generation': 21, 'Best Cost': np.float64(5.666983263438782)}, {'Generation': 22, 'Best Cost': np.float64(5.666983263438782)}, {'Generation': 23, 'Best Cost': np.float64(5.666983263438782)}, {'Generation': 24, 'Best Cost': np.float64(5.666983263438782)}, {'Generation': 25, 'Best Cost': np.float64(5.666983263438782)}, {'Generation': 26, 'Best Cost': np.float64(5.430434942187038)}, {'Generation': 27, 'Best Cost': np.float64(5.430434942187038)}, {'Generation': 28, 'Best Cost': np.float64(5.430434942187038)}, {'Generation': 29, 'Best Cost': np.float64(5.430434942187038)}, {'Generation': 30, 'Best Cost': np.float64(5.430434942187038)}, {'Generation': 31, 'Best Cost': np.float64(5.430434942187038)}, {'Generation': 32, 'Best Cost': np.float64(5.430434942187038)}, {'Generation': 33, 'Best Cost': np.float64(5.430434942187038)}, {'Generation': 34, 'Best Cost': np.float64(5.430434942187038)}, {'Generation': 35, 'Best Cost': np.float64(5.430434942187038)}, {'Generation': 36, 'Best Cost': np.float64(5.061501957657385)}, {'Generation': 37, 'Best Cost': np.float64(5.061501957657385)}, {'Generation': 38, 'Best Cost': np.float64(5.061501957657385)}, {'Generation': 39, 'Best Cost': np.float64(5.061501957657385)}]"
0,20,86992990.0,85937500.0,4.880553720047285,matrices/20_random_adj_mat_4.txt,"[{'Generation': 0, 'Best Cost': np.float64(9.23150283089004)}, {'Generation': 0, 'Best Cost': np.float64(8.705443890844201)}, {'Generation': 1, 'Best Cost': np.float64(8.62033899513963)}, {'Generation': 2, 'Best Cost': np.float64(7.503366230409545)}, {'Generation': 3, 'Best Cost': np.float64(7.383141454941151)}, {'Generation': 4, 'Best Cost': np.float64(7.383141454941151)}, {'Generation': 5, 'Best Cost': np.float64(7.383141454941151)}, {'Generation': 6, 'Best Cost': np.float64(6.549791393364475)}, {'Generation': 7, 'Best Cost': np.float64(6.549791393364475)}, {'Generation': 8, 'Best Cost': np.float64(6.549791393364475)}, {'Generation': 9, 'Best Cost': np.float64(6.549791393364475)}, {'Generation': 10, 'Best Cost': np.float64(6.270404021680557)}, {'Generation': 11, 'Best Cost': np.float64(6.270404021680557)}, {'Generation': 12, 'Best Cost': np.float64(6.270404021680557)}, {'Generation': 13, 'Best Cost': np.float64(6.139738549544893)}, {'Generation': 14, 'Best Cost': np.float64(6.139738549544893)}, {'Generation': 15, 'Best Cost': np.float64(5.8930644229573526)}, {'Generation': 16, 'Best Cost': np.float64(5.8930644229573526)}, {'Generation': 17, 'Best Cost': np.float64(5.807318498088242)}, {'Generation': 18, 'Best Cost': np.float64(5.807318498088242)}, {'Generation': 19, 'Best Cost': np.float64(5.807318498088242)}, {'Generation': 20, 'Best Cost': np.float64(5.807318498088242)}, {'Generation': 21, 'Best Cost': np.float64(5.807318498088242)}, {'Generation': 22, 'Best Cost': np.float64(5.807318498088242)}, {'Generation': 23, 'Best Cost': np.float64(5.807318498088242)}, {'Generation': 24, 'Best Cost': np.float64(5.807318498088242)}, {'Generation': 25, 'Best Cost': np.float64(5.807318498088242)}, {'Generation': 26, 'Best Cost': np.float64(5.807318498088242)}, {'Generation': 27, 'Best Cost': np.float64(5.807318498088242)}, {'Generation': 28, 'Best Cost': np.float64(5.641093375418564)}, {'Generation': 29, 'Best Cost': np.float64(5.641093375418564)}, {'Generation': 30, 'Best Cost': np.float64(5.641093375418564)}, {'Generation': 31, 'Best Cost': np.float64(5.641093375418564)}, {'Generation': 32, 'Best Cost': np.float64(5.641093375418564)}, {'Generation': 33, 'Best Cost': np.float64(5.641093375418564)}, {'Generation': 34, 'Best Cost': np.float64(5.641093375418564)}, {'Generation': 35, 'Best Cost': np.float64(5.641093375418564)}, {'Generation': 36, 'Best Cost': np.float64(5.641093375418564)}, {'Generation': 37, 'Best Cost': np.float64(5.641093375418564)}, {'Generation': 38, 'Best Cost': np.float64(5.641093375418564)}, {'Generation': 39, 'Best Cost': np.float64(5.641093375418564)}]"
0,20,85179310.0,85937500.0,4.362813893911049,matrices/20_random_adj_mat_5.txt,"[{'Generation': 0, 'Best Cost': np.float64(7.579854247465853)}, {'Generation': 0, 'Best Cost': np.float64(7.579854247465853)}, {'Generation': 1, 'Best Cost': np.float64(7.579854247465853)}, {'Generation': 2, 'Best Cost': np.float64(7.579854247465853)}, {'Generation': 3, 'Best Cost': np.float64(7.244453728562624)}, {'Generation': 4, 'Best Cost': np.float64(6.9183019817193285)}, {'Generation': 5, 'Best Cost': np.float64(6.9183019817193285)}, {'Generation': 6, 'Best Cost': np.float64(6.883130489457068)}, {'Generation': 7, 'Best Cost': np.float64(6.883130489457068)}, {'Generation': 8, 'Best Cost': np.float64(6.782434593273014)}, {'Generation': 9, 'Best Cost': np.float64(6.20278920216084)}, {'Generation': 10, 'Best Cost': np.float64(6.20278920216084)}, {'Generation': 11, 'Best Cost': np.float64(5.928042136060383)}, {'Generation': 12, 'Best Cost': np.float64(5.73230319561943)}, {'Generation': 13, 'Best Cost': np.float64(5.687970580728764)}, {'Generation': 14, 'Best Cost': np.float64(5.687970580728764)}, {'Generation': 15, 'Best Cost': np.float64(5.687970580728764)}, {'Generation': 16, 'Best Cost': np.float64(5.242748086983639)}, {'Generation': 17, 'Best Cost': np.float64(5.242748086983639)}, {'Generation': 18, 'Best Cost': np.float64(4.816809796500555)}, {'Generation': 19, 'Best Cost': np.float64(4.816809796500555)}, {'Generation': 20, 'Best Cost': np.float64(4.816809796500555)}, {'Generation': 21, 'Best Cost': np.float64(4.816809796500555)}, {'Generation': 22, 'Best Cost': np.float64(4.816809796500555)}, {'Generation': 23, 'Best Cost': np.float64(4.816809796500555)}, {'Generation': 24, 'Best Cost': np.float64(4.816809796500555)}, {'Generation': 25, 'Best Cost': np.float64(4.816809796500555)}, {'Generation': 26, 'Best Cost': np.float64(4.73651570793007)}, {'Generation': 27, 'Best Cost': np.float64(4.73651570793007)}, {'Generation': 28, 'Best Cost': np.float64(4.73651570793007)}, {'Generation': 29, 'Best Cost': np.float64(4.73651570793007)}, {'Generation': 30, 'Best Cost': np.float64(4.73651570793007)}, {'Generation': 31, 'Best Cost': np.float64(4.141111696509256)}, {'Generation': 32, 'Best Cost': np.float64(4.141111696509256)}, {'Generation': 33, 'Best Cost': np.float64(4.141111696509256)}, {'Generation': 34, 'Best Cost': np.float64(4.141111696509256)}, {'Generation': 35, 'Best Cost': np.float64(4.141111696509256)}, {'Generation': 36, 'Best Cost': np.float64(4.141111696509256)}, {'Generation': 37, 'Best Cost': np.float64(4.141111696509256)}, {'Generation': 38, 'Best Cost': np.float64(4.141111696509256)}, {'Generation': 39, 'Best Cost': np.float64(4.141111696509256)}]"
0,20,84827300.0,84375000.0,5.132799654851633,matrices/20_random_adj_mat_6.txt,"[{'Generation': 0, 'Best Cost': np.float64(9.536812972681235)}, {'Generation': 0, 'Best Cost': np.float64(8.015818829597707)}, {'Generation': 1, 'Best Cost': np.float64(8.015818829597707)}, {'Generation': 2, 'Best Cost': np.float64(7.7772854650266705)}, {'Generation': 3, 'Best Cost': np.float64(7.471274473090313)}, {'Generation': 4, 'Best Cost': np.float64(6.478387872047177)}, {'Generation': 5, 'Best Cost': np.float64(6.478387872047177)}, {'Generation': 6, 'Best Cost': np.float64(6.429499461599996)}, {'Generation': 7, 'Best Cost': np.float64(6.3043361964538)}, {'Generation': 8, 'Best Cost': np.float64(6.256915569220846)}, {'Generation': 9, 'Best Cost': np.float64(5.8641893133259755)}, {'Generation': 10, 'Best Cost': np.float64(5.8641893133259755)}, {'Generation': 11, 'Best Cost': np.float64(5.8641893133259755)}, {'Generation': 12, 'Best Cost': np.float64(5.8641893133259755)}, {'Generation': 13, 'Best Cost': np.float64(5.8641893133259755)}, {'Generation': 14, 'Best Cost': np.float64(5.8641893133259755)}, {'Generation': 15, 'Best Cost': np.float64(5.7688281335015095)}, {'Generation': 16, 'Best Cost': np.float64(5.629247210875994)}, {'Generation': 17, 'Best Cost': np.float64(5.629247210875994)}, {'Generation': 18, 'Best Cost': np.float64(5.629247210875994)}, {'Generation': 19, 'Best Cost': np.float64(5.629247210875994)}, {'Generation': 20, 'Best Cost': np.float64(5.629247210875994)}, {'Generation': 21, 'Best Cost': np.float64(5.629247210875994)}, {'Generation': 22, 'Best Cost': np.float64(5.629247210875994)}, {'Generation': 23, 'Best Cost': np.float64(5.569187428127002)}, {'Generation': 24, 'Best Cost': np.float64(5.569187428127002)}, {'Generation': 25, 'Best Cost': np.float64(5.569187428127002)}, {'Generation': 26, 'Best Cost': np.float64(5.040725838213711)}, {'Generation': 27, 'Best Cost': np.float64(5.040725838213711)}, {'Generation': 28, 'Best Cost': np.float64(5.040725838213711)}, {'Generation': 29, 'Best Cost': np.float64(5.040725838213711)}, {'Generation': 30, 'Best Cost': np.float64(5.040725838213711)}, {'Generation': 31, 'Best Cost': np.float64(5.040725838213711)}, {'Generation': 32, 'Best Cost': np.float64(5.040725838213711)}, {'Generation': 33, 'Best Cost': np.float64(4.777018849901997)}, {'Generation': 34, 'Best Cost': np.float64(4.777018849901997)}, {'Generation': 35, 'Best Cost': np.float64(4.777018849901997)}, {'Generation': 36, 'Best Cost': np.float64(4.777018849901997)}, {'Generation': 37, 'Best Cost': np.float64(4.777018849901997)}, {'Generation': 38, 'Best Cost': np.float64(4.777018849901997)}, {'Generation': 39, 'Best Cost': np.float64(4.777018849901997)}]"
0,20,84024200.0,84375000.0,4.473693812006912,matrices/20_random_adj_mat_7.txt,"[{'Generation': 0, 'Best Cost': np.float64(7.937516372041486)}, {'Generation': 0, 'Best Cost': np.float64(7.6414751908565695)}, {'Generation': 1, 'Best Cost': np.float64(7.332848387363318)}, {'Generation': 2, 'Best Cost': np.float64(7.332848387363318)}, {'Generation': 3, 'Best Cost': np.float64(6.265118279415606)}, {'Generation': 4, 'Best Cost': np.float64(6.265118279415606)}, {'Generation': 5, 'Best Cost': np.float64(6.265118279415606)}, {'Generation': 6, 'Best Cost': np.float64(6.265118279415606)}, {'Generation': 7, 'Best Cost': np.float64(6.091662600031974)}, {'Generation': 8, 'Best Cost': np.float64(6.091662600031974)}, {'Generation': 9, 'Best Cost': np.float64(6.091662600031974)}, {'Generation': 10, 'Best Cost': np.float64(5.944153782094384)}, {'Generation': 11, 'Best Cost': np.float64(5.5976122173072165)}, {'Generation': 12, 'Best Cost': np.float64(5.5976122173072165)}, {'Generation': 13, 'Best Cost': np.float64(5.5976122173072165)}, {'Generation': 14, 'Best Cost': np.float64(5.592187974241907)}, {'Generation': 15, 'Best Cost': np.float64(5.382277997028794)}, {'Generation': 16, 'Best Cost': np.float64(5.382277997028794)}, {'Generation': 17, 'Best Cost': np.float64(5.382277997028794)}, {'Generation': 18, 'Best Cost': np.float64(5.382277997028794)}, {'Generation': 19, 'Best Cost': np.float64(5.382277997028794)}, {'Generation': 20, 'Best Cost': np.float64(4.836315181240794)}, {'Generation': 21, 'Best Cost': np.float64(4.836315181240794)}, {'Generation': 22, 'Best Cost': np.float64(4.836315181240794)}, {'Generation': 23, 'Best Cost': np.float64(4.836315181240794)}, {'Generation': 24, 'Best Cost': np.float64(4.836315181240794)}, {'Generation': 25, 'Best Cost': np.float64(4.836315181240794)}, {'Generation': 26, 'Best Cost': np.float64(4.836315181240794)}, {'Generation': 27, 'Best Cost': np.float64(4.836315181240794)}, {'Generation': 28, 'Best Cost': np.float64(4.703543311037619)}, {'Generation': 29, 'Best Cost': np.float64(4.703543311037619)}, {'Generation': 30, 'Best Cost': np.float64(4.703543311037619)}, {'Generation': 31, 'Best Cost': np.float64(4.658359200148716)}, {'Generation': 32, 'Best Cost': np.float64(4.658359200148716)}, {'Generation': 33, 'Best Cost': np.float64(4.658359200148716)}, {'Generation': 34, 'Best Cost': np.float64(4.658359200148716)}, {'Generation': 35, 'Best Cost': np.float64(4.624951468672207)}, {'Generation': 36, 'Best Cost': np.float64(4.624951468672207)}, {'Generation': 37, 'Best Cost': np.float64(4.624951468672207)}, {'Generation': 38, 'Best Cost': np.float64(4.472443577699966)}, {'Generation': 39, 'Best Cost': np.float64(4.4102281676554895)}]"
0,20,84208980.0,84375000.0,5.955790270163414,matrices/20_random_adj_mat_8.txt,"[{'Generation': 0, 'Best Cost': np.float64(9.039541163312121)}, {'Generation': 0, 'Best Cost': np.float64(8.687950047589453)}, {'Generation': 1, 'Best Cost': np.float64(8.219215057996612)}, {'Generation': 2, 'Best Cost': np.float64(7.617636276915094)}, {'Generation': 3, 'Best Cost': np.float64(7.617636276915094)}, {'Generation': 4, 'Best Cost': np.float64(7.3661319490940755)}, {'Generation': 5, 'Best Cost': np.float64(7.3661319490940755)}, {'Generation': 6, 'Best Cost': np.float64(7.3661319490940755)}, {'Generation': 7, 'Best Cost': np.float64(7.3661319490940755)}, {'Generation': 8, 'Best Cost': np.float64(7.3661319490940755)}, {'Generation': 9, 'Best Cost': np.float64(7.3661319490940755)}, {'Generation': 10, 'Best Cost': np.float64(7.3661319490940755)}, {'Generation': 11, 'Best Cost': np.float64(7.314236242134685)}, {'Generation': 12, 'Best Cost': np.float64(7.256069165857165)}, {'Generation': 13, 'Best Cost': np.float64(7.256069165857165)}, {'Generation': 14, 'Best Cost': np.float64(7.256069165857165)}, {'Generation': 15, 'Best Cost': np.float64(7.256069165857165)}, {'Generation': 16, 'Best Cost': np.float64(6.832693304155096)}, {'Generation': 17, 'Best Cost': np.float64(6.832693304155096)}, {'Generation': 18, 'Best Cost': np.float64(6.751159548072385)}, {'Generation': 19, 'Best Cost': np.float64(6.693397394164889)}, {'Generation': 20, 'Best Cost': np.float64(6.693397394164889)}, {'Generation': 21, 'Best Cost': np.float64(6.098884328469593)}, {'Generation': 22, 'Best Cost': np.float64(6.098884328469593)}, {'Generation': 23, 'Best Cost': np.float64(6.098884328469593)}, {'Generation': 24, 'Best Cost': np.float64(6.098884328469593)}, {'Generation': 25, 'Best Cost': np.float64(6.098884328469593)}, {'Generation': 26, 'Best Cost': np.float64(6.098884328469593)}, {'Generation': 27, 'Best Cost': np.float64(6.065166827118958)}, {'Generation': 28, 'Best Cost': np.float64(6.065166827118958)}, {'Generation': 29, 'Best Cost': np.float64(6.065166827118958)}, {'Generation': 30, 'Best Cost': np.float64(6.065166827118958)}, {'Generation': 31, 'Best Cost': np.float64(6.065166827118958)}, {'Generation': 32, 'Best Cost': np.float64(6.065166827118958)}, {'Generation': 33, 'Best Cost': np.float64(6.065166827118958)}, {'Generation': 34, 'Best Cost': np.float64(6.065166827118958)}, {'Generation': 35, 'Best Cost': np.float64(6.065166827118958)}, {'Generation': 36, 'Best Cost': np.float64(6.065166827118958)}, {'Generation': 37, 'Best Cost': np.float64(6.065166827118958)}, {'Generation': 38, 'Best Cost': np.float64(6.065166827118958)}, {'Generation': 39, 'Best Cost': np.float64(6.065166827118958)}]"
0,20,83701250.0,84375000.0,4.798367021031176,matrices/20_random_adj_mat_9.txt,"[{'Generation': 0, 'Best Cost': np.float64(7.558135659456067)}, {'Generation': 0, 'Best Cost': np.float64(7.558135659456067)}, {'Generation': 1, 'Best Cost': np.float64(7.360801021801917)}, {'Generation': 2, 'Best Cost': np.float64(7.240157152552184)}, {'Generation': 3, 'Best Cost': np.float64(6.49200934070208)}, {'Generation': 4, 'Best Cost': np.float64(5.808720123619516)}, {'Generation': 5, 'Best Cost': np.float64(5.808720123619516)}, {'Generation': 6, 'Best Cost': np.float64(5.808720123619516)}, {'Generation': 7, 'Best Cost': np.float64(5.808720123619516)}, {'Generation': 8, 'Best Cost': np.float64(5.787226707942444)}, {'Generation': 9, 'Best Cost': np.float64(5.777200518607973)}, {'Generation': 10, 'Best Cost': np.float64(5.76389732175932)}, {'Generation': 11, 'Best Cost': np.float64(5.332391107890058)}, {'Generation': 12, 'Best Cost': np.float64(5.332391107890058)}, {'Generation': 13, 'Best Cost': np.float64(5.332391107890058)}, {'Generation': 14, 'Best Cost': np.float64(5.332391107890058)}, {'Generation': 15, 'Best Cost': np.float64(5.332391107890058)}, {'Generation': 16, 'Best Cost': np.float64(5.332391107890058)}, {'Generation': 17, 'Best Cost': np.float64(5.332391107890058)}, {'Generation': 18, 'Best Cost': np.float64(4.4127998926317735)}, {'Generation': 19, 'Best Cost': np.float64(4.4127998926317735)}, {'Generation': 20, 'Best Cost': np.float64(4.4127998926317735)}, {'Generation': 21, 'Best Cost': np.float64(4.4127998926317735)}, {'Generation': 22, 'Best Cost': np.float64(4.4127998926317735)}, {'Generation': 23, 'Best Cost': np.float64(4.4127998926317735)}, {'Generation': 24, 'Best Cost': np.float64(4.4127998926317735)}, {'Generation': 25, 'Best Cost': np.float64(4.4127998926317735)}, {'Generation': 26, 'Best Cost': np.float64(4.4127998926317735)}, {'Generation': 27, 'Best Cost': np.float64(4.4127998926317735)}, {'Generation': 28, 'Best Cost': np.float64(4.4127998926317735)}, {'Generation': 29, 'Best Cost': np.float64(4.4127998926317735)}, {'Generation': 30, 'Best Cost': np.float64(4.4127998926317735)}, {'Generation': 31, 'Best Cost': np.float64(4.4127998926317735)}, {'Generation': 32, 'Best Cost': np.float64(4.4127998926317735)}, {'Generation': 33, 'Best Cost': np.float64(4.4127998926317735)}, {'Generation': 34, 'Best Cost': np.float64(4.4127998926317735)}, {'Generation': 35, 'Best Cost': np.float64(4.4127998926317735)}, {'Generation': 36, 'Best Cost': np.float64(4.4127998926317735)}, {'Generation': 37, 'Best Cost': np.float64(4.4127998926317735)}, {'Generation': 38, 'Best Cost': np.float64(4.4127998926317735)}, {'Generation': 39, 'Best Cost': np.float64(4.4127998926317735)}]"
0,25,124169730.0,121875000.0,5.6641206938107,matrices/25_random_adj_mat_0.txt,"[{'Generation': 0, 'Best Cost': np.float64(10.493906835711526)}, {'Generation': 0, 'Best Cost': np.float64(9.717607841719802)}, {'Generation': 1, 'Best Cost': np.float64(9.62996400480655)}, {'Generation': 2, 'Best Cost': np.float64(9.62996400480655)}, {'Generation': 3, 'Best Cost': np.float64(8.737542063770688)}, {'Generation': 4, 'Best Cost': np.float64(8.737542063770688)}, {'Generation': 5, 'Best Cost': np.float64(8.737542063770688)}, {'Generation': 6, 'Best Cost': np.float64(8.633740003675829)}, {'Generation': 7, 'Best Cost': np.float64(8.633740003675829)}, {'Generation': 8, 'Best Cost': np.float64(6.421548002761134)}, {'Generation': 9, 'Best Cost': np.float64(6.421548002761134)}, {'Generation': 10, 'Best Cost': np.float64(6.421548002761134)}, {'Generation': 11, 'Best Cost': np.float64(6.421548002761134)}, {'Generation': 12, 'Best Cost': np.float64(6.421548002761134)}, {'Generation': 13, 'Best Cost': np.float64(6.421548002761134)}, {'Generation': 14, 'Best Cost': np.float64(6.421548002761134)}, {'Generation': 15, 'Best Cost': np.float64(6.421548002761134)}, {'Generation': 16, 'Best Cost': np.float64(6.415281556866462)}, {'Generation': 17, 'Best Cost': np.float64(6.415281556866462)}, {'Generation': 18, 'Best Cost': np.float64(6.415281556866462)}, {'Generation': 19, 'Best Cost': np.float64(6.415281556866462)}, {'Generation': 20, 'Best Cost': np.float64(6.415281556866462)}, {'Generation': 21, 'Best Cost': np.float64(6.415281556866462)}, {'Generation': 22, 'Best Cost': np.float64(6.415281556866462)}, {'Generation': 23, 'Best Cost': np.float64(6.415281556866462)}, {'Generation': 24, 'Best Cost': np.float64(6.415281556866462)}, {'Generation': 25, 'Best Cost': np.float64(6.415281556866462)}, {'Generation': 26, 'Best Cost': np.float64(6.415281556866462)}, {'Generation': 27, 'Best Cost': np.float64(6.336643706004815)}, {'Generation': 28, 'Best Cost': np.float64(6.334822887300045)}, {'Generation': 29, 'Best Cost': np.float64(6.334822887300045)}, {'Generation': 30, 'Best Cost': np.float64(6.334822887300045)}, {'Generation': 31, 'Best Cost': np.float64(6.334822887300045)}, {'Generation': 32, 'Best Cost': np.float64(6.334822887300045)}, {'Generation': 33, 'Best Cost': np.float64(6.334822887300045)}, {'Generation': 34, 'Best Cost': np.float64(6.334822887300045)}, {'Generation': 35, 'Best Cost': np.float64(6.334822887300045)}, {'Generation': 36, 'Best Cost': np.float64(6.235379457079505)}, {'Generation': 37, 'Best Cost': np.float64(6.235379457079505)}, {'Generation': 38, 'Best Cost': np.float64(6.235379457079505)}, {'Generation': 39, 'Best Cost': np.float64(6.154005656903215)}]"
0,25,124202890.0,121875000.0,6.066689122857957,matrices/25_random_adj_mat_1.txt,"[{'Generation': 0, 'Best Cost': np.float64(11.28006249712339)}, {'Generation': 0, 'Best Cost': np.float64(11.28006249712339)}, {'Generation': 1, 'Best Cost': np.float64(11.016134408138594)}, {'Generation': 2, 'Best Cost': np.float64(9.728128694703855)}, {'Generation': 3, 'Best Cost': np.float64(9.047856343946448)}, {'Generation': 4, 'Best Cost': np.float64(9.047856343946448)}, {'Generation': 5, 'Best Cost': np.float64(8.805711694396665)}, {'Generation': 6, 'Best Cost': np.float64(8.289186042841806)}, {'Generation': 7, 'Best Cost': np.float64(8.068085264607321)}, {'Generation': 8, 'Best Cost': np.float64(8.068085264607321)}, {'Generation': 9, 'Best Cost': np.float64(7.948911289570458)}, {'Generation': 10, 'Best Cost': np.float64(7.948911289570458)}, {'Generation': 11, 'Best Cost': np.float64(7.6850198907945035)}, {'Generation': 12, 'Best Cost': np.float64(7.6850198907945035)}, {'Generation': 13, 'Best Cost': np.float64(7.6850198907945035)}, {'Generation': 14, 'Best Cost': np.float64(7.6850198907945035)}, {'Generation': 15, 'Best Cost': np.float64(7.6850198907945035)}, {'Generation': 16, 'Best Cost': np.float64(7.502065565619852)}, {'Generation': 17, 'Best Cost': np.float64(6.5083551738991545)}, {'Generation': 18, 'Best Cost': np.float64(6.5083551738991545)}, {'Generation': 19, 'Best Cost': np.float64(6.5083551738991545)}, {'Generation': 20, 'Best Cost': np.float64(6.5083551738991545)}, {'Generation': 21, 'Best Cost': np.float64(6.5083551738991545)}, {'Generation': 22, 'Best Cost': np.float64(6.5083551738991545)}, {'Generation': 23, 'Best Cost': np.float64(6.5083551738991545)}, {'Generation': 24, 'Best Cost': np.float64(6.5083551738991545)}, {'Generation': 25, 'Best Cost': np.float64(6.5083551738991545)}, {'Generation': 26, 'Best Cost': np.float64(6.5083551738991545)}, {'Generation': 27, 'Best Cost': np.float64(6.5083551738991545)}, {'Generation': 28, 'Best Cost': np.float64(6.5083551738991545)}, {'Generation': 29, 'Best Cost': np.float64(6.275308534536304)}, {'Generation': 30, 'Best Cost': np.float64(6.106054500911744)}, {'Generation': 31, 'Best Cost': np.float64(6.106054500911744)}, {'Generation': 32, 'Best Cost': np.float64(6.106054500911744)}, {'Generation': 33, 'Best Cost': np.float64(6.106054500911744)}, {'Generation': 34, 'Best Cost': np.float64(6.106054500911744)}, {'Generation': 35, 'Best Cost': np.float64(6.106054500911744)}, {'Generation': 36, 'Best Cost': np.float64(6.106054500911744)}, {'Generation': 37, 'Best Cost': np.float64(6.106054500911744)}, {'Generation': 38, 'Best Cost': np.float64(6.106054500911744)}, {'Generation': 39, 'Best Cost': np.float64(6.106054500911744)}]"
0,25,131025520.0,131250000.0,5.991652751382942,matrices/25_random_adj_mat_2.txt,"[{'Generation': 0, 'Best Cost': np.float64(9.877693348422)}, {'Generation': 0, 'Best Cost': np.float64(9.38360105430385)}, {'Generation': 1, 'Best Cost': np.float64(9.38360105430385)}, {'Generation': 2, 'Best Cost': np.float64(9.38360105430385)}, {'Generation': 3, 'Best Cost': np.float64(9.38360105430385)}, {'Generation': 4, 'Best Cost': np.float64(9.121930475948727)}, {'Generation': 5, 'Best Cost': np.float64(9.103682954115726)}, {'Generation': 6, 'Best Cost': np.float64(8.487654783947562)}, {'Generation': 7, 'Best Cost': np.float64(8.487654783947562)}, {'Generation': 8, 'Best Cost': np.float64(8.420084113426604)}, {'Generation': 9, 'Best Cost': np.float64(7.791494413238262)}, {'Generation': 10, 'Best Cost': np.float64(7.791494413238262)}, {'Generation': 11, 'Best Cost': np.float64(7.791494413238262)}, {'Generation': 12, 'Best Cost': np.float64(7.645302173939032)}, {'Generation': 13, 'Best Cost': np.float64(7.23680817194557)}, {'Generation': 14, 'Best Cost': np.float64(7.23680817194557)}, {'Generation': 15, 'Best Cost': np.float64(7.23680817194557)}, {'Generation': 16, 'Best Cost': np.float64(6.571521226426781)}, {'Generation': 17, 'Best Cost': np.float64(6.571521226426781)}, {'Generation': 18, 'Best Cost': np.float64(6.571521226426781)}, {'Generation': 19, 'Best Cost': np.float64(6.571521226426781)}, {'Generation': 20, 'Best Cost': np.float64(6.571521226426781)}, {'Generation': 21, 'Best Cost': np.float64(6.571521226426781)}, {'Generation': 22, 'Best Cost': np.float64(6.571521226426781)}, {'Generation': 23, 'Best Cost': np.float64(6.571521226426781)}, {'Generation': 24, 'Best Cost': np.float64(6.571521226426781)}, {'Generation': 25, 'Best Cost': np.float64(6.571521226426781)}, {'Generation': 26, 'Best Cost': np.float64(6.571521226426781)}, {'Generation': 27, 'Best Cost': np.float64(6.571521226426781)}, {'Generation': 28, 'Best Cost': np.float64(6.571521226426781)}, {'Generation': 29, 'Best Cost': np.float64(6.510830269099473)}, {'Generation': 30, 'Best Cost': np.float64(5.6660636645624525)}, {'Generation': 31, 'Best Cost': np.float64(5.6660636645624525)}, {'Generation': 32, 'Best Cost': np.float64(5.6660636645624525)}, {'Generation': 33, 'Best Cost': np.float64(5.6660636645624525)}, {'Generation': 34, 'Best Cost': np.float64(5.6660636645624525)}, {'Generation': 35, 'Best Cost': np.float64(5.6660636645624525)}, {'Generation': 36, 'Best Cost': np.float64(5.6660636645624525)}, {'Generation': 37, 'Best Cost': np.float64(5.6660636645624525)}, {'Generation': 38, 'Best Cost': np.float64(5.6660636645624525)}, {'Generation': 39, 'Best Cost': np.float64(5.6660636645624525)}]"
0,25,132413990.0,131250000.0,6.28859385418645,matrices/25_random_adj_mat_3.txt,"[{'Generation': 0, 'Best Cost': np.float64(11.68881735102169)}, {'Generation': 0, 'Best Cost': np.float64(11.68881735102169)}, {'Generation': 1, 'Best Cost': np.float64(11.144200162062107)}, {'Generation': 2, 'Best Cost': np.float64(10.562592554339925)}, {'Generation': 3, 'Best Cost': np.float64(9.560350884739355)}, {'Generation': 4, 'Best Cost': np.float64(9.560350884739355)}, {'Generation': 5, 'Best Cost': np.float64(9.52177044020362)}, {'Generation': 6, 'Best Cost': np.float64(8.83772622027149)}, {'Generation': 7, 'Best Cost': np.float64(8.83772622027149)}, {'Generation': 8, 'Best Cost': np.float64(8.691160222117723)}, {'Generation': 9, 'Best Cost': np.float64(8.691160222117723)}, {'Generation': 10, 'Best Cost': np.float64(8.394992505271574)}, {'Generation': 11, 'Best Cost': np.float64(7.681434137938651)}, {'Generation': 12, 'Best Cost': np.float64(7.681434137938651)}, {'Generation': 13, 'Best Cost': np.float64(7.681434137938651)}, {'Generation': 14, 'Best Cost': np.float64(7.681434137938651)}, {'Generation': 15, 'Best Cost': np.float64(7.681434137938651)}, {'Generation': 16, 'Best Cost': np.float64(7.681434137938651)}, {'Generation': 17, 'Best Cost': np.float64(7.213930067940356)}, {'Generation': 18, 'Best Cost': np.float64(7.213930067940356)}, {'Generation': 19, 'Best Cost': np.float64(7.213930067940356)}, {'Generation': 20, 'Best Cost': np.float64(7.213930067940356)}, {'Generation': 21, 'Best Cost': np.float64(7.213930067940356)}, {'Generation': 22, 'Best Cost': np.float64(7.213930067940356)}, {'Generation': 23, 'Best Cost': np.float64(7.213930067940356)}, {'Generation': 24, 'Best Cost': np.float64(7.213930067940356)}, {'Generation': 25, 'Best Cost': np.float64(7.213930067940356)}, {'Generation': 26, 'Best Cost': np.float64(7.213930067940356)}, {'Generation': 27, 'Best Cost': np.float64(7.213930067940356)}, {'Generation': 28, 'Best Cost': np.float64(7.213930067940356)}, {'Generation': 29, 'Best Cost': np.float64(6.760006263087492)}, {'Generation': 30, 'Best Cost': np.float64(6.760006263087492)}, {'Generation': 31, 'Best Cost': np.float64(6.760006263087492)}, {'Generation': 32, 'Best Cost': np.float64(6.647772238856765)}, {'Generation': 33, 'Best Cost': np.float64(6.530249249804042)}, {'Generation': 34, 'Best Cost': np.float64(6.530249249804042)}, {'Generation': 35, 'Best Cost': np.float64(6.530249249804042)}, {'Generation': 36, 'Best Cost': np.float64(6.530249249804042)}, {'Generation': 37, 'Best Cost': np.float64(6.530249249804042)}, {'Generation': 38, 'Best Cost': np.float64(6.530249249804042)}, {'Generation': 39, 'Best Cost': np.float64(6.530249249804042)}]"
0,25,132209370.0,132812500.0,6.134057421038943,matrices/25_random_adj_mat_4.txt,"[{'Generation': 0, 'Best Cost': np.float64(11.489167983663226)}, {'Generation': 0, 'Best Cost': np.float64(10.615275851108184)}, {'Generation': 1, 'Best Cost': np.float64(9.164712881765658)}, {'Generation': 2, 'Best Cost': np.float64(9.164712881765658)}, {'Generation': 3, 'Best Cost': np.float64(9.164712881765658)}, {'Generation': 4, 'Best Cost': np.float64(9.164712881765658)}, {'Generation': 5, 'Best Cost': np.float64(9.164712881765658)}, {'Generation': 6, 'Best Cost': np.float64(8.553333226360952)}, {'Generation': 7, 'Best Cost': np.float64(8.553333226360952)}, {'Generation': 8, 'Best Cost': np.float64(8.553333226360952)}, {'Generation': 9, 'Best Cost': np.float64(8.553333226360952)}, {'Generation': 10, 'Best Cost': np.float64(8.553333226360952)}, {'Generation': 11, 'Best Cost': np.float64(8.34426867779933)}, {'Generation': 12, 'Best Cost': np.float64(7.744326037194392)}, {'Generation': 13, 'Best Cost': np.float64(7.744326037194392)}, {'Generation': 14, 'Best Cost': np.float64(7.744326037194392)}, {'Generation': 15, 'Best Cost': np.float64(7.744326037194392)}, {'Generation': 16, 'Best Cost': np.float64(7.644388660382999)}, {'Generation': 17, 'Best Cost': np.float64(7.644388660382999)}, {'Generation': 18, 'Best Cost': np.float64(7.414704754059872)}, {'Generation': 19, 'Best Cost': np.float64(7.414704754059872)}, {'Generation': 20, 'Best Cost': np.float64(7.370705075693435)}, {'Generation': 21, 'Best Cost': np.float64(7.307039662955177)}, {'Generation': 22, 'Best Cost': np.float64(6.984170136919852)}, {'Generation': 23, 'Best Cost': np.float64(6.984170136919852)}, {'Generation': 24, 'Best Cost': np.float64(6.899351628666736)}, {'Generation': 25, 'Best Cost': np.float64(6.899351628666736)}, {'Generation': 26, 'Best Cost': np.float64(6.899351628666736)}, {'Generation': 27, 'Best Cost': np.float64(6.899351628666736)}, {'Generation': 28, 'Best Cost': np.float64(6.899351628666736)}, {'Generation': 29, 'Best Cost': np.float64(6.899351628666736)}, {'Generation': 30, 'Best Cost': np.float64(6.899351628666736)}, {'Generation': 31, 'Best Cost': np.float64(6.899351628666736)}, {'Generation': 32, 'Best Cost': np.float64(6.732484015472006)}, {'Generation': 33, 'Best Cost': np.float64(6.732484015472006)}, {'Generation': 34, 'Best Cost': np.float64(6.732484015472006)}, {'Generation': 35, 'Best Cost': np.float64(6.732484015472006)}, {'Generation': 36, 'Best Cost': np.float64(6.732484015472006)}, {'Generation': 37, 'Best Cost': np.float64(6.732484015472006)}, {'Generation': 38, 'Best Cost': np.float64(6.732484015472006)}, {'Generation': 39, 'Best Cost': np.float64(6.5382945282494065)}]"
0,25,128865810.0,128125000.0,7.026081045415639,matrices/25_random_adj_mat_5.txt,"[{'Generation': 0, 'Best Cost': np.float64(11.309056421432942)}, {'Generation': 0, 'Best Cost': np.float64(11.309056421432942)}, {'Generation': 1, 'Best Cost': np.float64(11.29066052070262)}, {'Generation': 2, 'Best Cost': np.float64(11.29066052070262)}, {'Generation': 3, 'Best Cost': np.float64(11.29066052070262)}, {'Generation': 4, 'Best Cost': np.float64(10.624422979243308)}, {'Generation': 5, 'Best Cost': np.float64(10.624422979243308)}, {'Generation': 6, 'Best Cost': np.float64(8.794611833661449)}, {'Generation': 7, 'Best Cost': np.float64(8.794611833661449)}, {'Generation': 8, 'Best Cost': np.float64(8.794611833661449)}, {'Generation': 9, 'Best Cost': np.float64(8.794611833661449)}, {'Generation': 10, 'Best Cost': np.float64(8.794611833661449)}, {'Generation': 11, 'Best Cost': np.float64(8.794611833661449)}, {'Generation': 12, 'Best Cost': np.float64(8.794611833661449)}, {'Generation': 13, 'Best Cost': np.float64(8.794611833661449)}, {'Generation': 14, 'Best Cost': np.float64(8.794611833661449)}, {'Generation': 15, 'Best Cost': np.float64(8.794611833661449)}, {'Generation': 16, 'Best Cost': np.float64(8.794611833661449)}, {'Generation': 17, 'Best Cost': np.float64(8.794611833661449)}, {'Generation': 18, 'Best Cost': np.float64(8.794611833661449)}, {'Generation': 19, 'Best Cost': np.float64(8.752279192116758)}, {'Generation': 20, 'Best Cost': np.float64(8.752279192116758)}, {'Generation': 21, 'Best Cost': np.float64(8.752279192116758)}, {'Generation': 22, 'Best Cost': np.float64(8.415879562945166)}, {'Generation': 23, 'Best Cost': np.float64(8.415879562945166)}, {'Generation': 24, 'Best Cost': np.float64(8.415879562945166)}, {'Generation': 25, 'Best Cost': np.float64(8.415879562945166)}, {'Generation': 26, 'Best Cost': np.float64(8.415879562945166)}, {'Generation': 27, 'Best Cost': np.float64(8.415879562945166)}, {'Generation': 28, 'Best Cost': np.float64(8.415879562945166)}, {'Generation': 29, 'Best Cost': np.float64(8.415879562945166)}, {'Generation': 30, 'Best Cost': np.float64(8.248283096575822)}, {'Generation': 31, 'Best Cost': np.float64(8.176760541604649)}, {'Generation': 32, 'Best Cost': np.float64(7.962138473892438)}, {'Generation': 33, 'Best Cost': np.float64(7.962138473892438)}, {'Generation': 34, 'Best Cost': np.float64(7.962138473892438)}, {'Generation': 35, 'Best Cost': np.float64(7.962138473892438)}, {'Generation': 36, 'Best Cost': np.float64(7.962138473892438)}, {'Generation': 37, 'Best Cost': np.float64(7.962138473892438)}, {'Generation': 38, 'Best Cost': np.float64(7.962138473892438)}, {'Generation': 39, 'Best Cost': np.float64(7.962138473892438)}]"
0,25,128635520.0,129687500.0,5.644987035330411,matrices/25_random_adj_mat_6.txt,"[{'Generation': 0, 'Best Cost': np.float64(9.749329493254038)}, {'Generation': 0, 'Best Cost': np.float64(9.01637750342155)}, {'Generation': 1, 'Best Cost': np.float64(8.76801371037233)}, {'Generation': 2, 'Best Cost': np.float64(7.959314488643814)}, {'Generation': 3, 'Best Cost': np.float64(7.959314488643814)}, {'Generation': 4, 'Best Cost': np.float64(7.959314488643814)}, {'Generation': 5, 'Best Cost': np.float64(7.930465220654284)}, {'Generation': 6, 'Best Cost': np.float64(7.930465220654284)}, {'Generation': 7, 'Best Cost': np.float64(6.766144189673386)}, {'Generation': 8, 'Best Cost': np.float64(6.766144189673386)}, {'Generation': 9, 'Best Cost': np.float64(6.766144189673386)}, {'Generation': 10, 'Best Cost': np.float64(6.655495900943124)}, {'Generation': 11, 'Best Cost': np.float64(6.655495900943124)}, {'Generation': 12, 'Best Cost': np.float64(6.2224060219479815)}, {'Generation': 13, 'Best Cost': np.float64(5.956239179321142)}, {'Generation': 14, 'Best Cost': np.float64(5.956239179321142)}, {'Generation': 15, 'Best Cost': np.float64(5.956239179321142)}, {'Generation': 16, 'Best Cost': np.float64(5.956239179321142)}, {'Generation': 17, 'Best Cost': np.float64(5.956239179321142)}, {'Generation': 18, 'Best Cost': np.float64(5.956239179321142)}, {'Generation': 19, 'Best Cost': np.float64(5.956239179321142)}, {'Generation': 20, 'Best Cost': np.float64(5.956239179321142)}, {'Generation': 21, 'Best Cost': np.float64(5.956239179321142)}, {'Generation': 22, 'Best Cost': np.float64(5.956239179321142)}, {'Generation': 23, 'Best Cost': np.float64(5.956239179321142)}, {'Generation': 24, 'Best Cost': np.float64(5.956239179321142)}, {'Generation': 25, 'Best Cost': np.float64(5.956239179321142)}, {'Generation': 26, 'Best Cost': np.float64(5.956239179321142)}, {'Generation': 27, 'Best Cost': np.float64(5.956239179321142)}, {'Generation': 28, 'Best Cost': np.float64(5.956239179321142)}, {'Generation': 29, 'Best Cost': np.float64(5.956239179321142)}, {'Generation': 30, 'Best Cost': np.float64(5.956239179321142)}, {'Generation': 31, 'Best Cost': np.float64(5.956239179321142)}, {'Generation': 32, 'Best Cost': np.float64(5.956239179321142)}, {'Generation': 33, 'Best Cost': np.float64(5.9259110110760265)}, {'Generation': 34, 'Best Cost': np.float64(5.9259110110760265)}, {'Generation': 35, 'Best Cost': np.float64(5.9259110110760265)}, {'Generation': 36, 'Best Cost': np.float64(5.9259110110760265)}, {'Generation': 37, 'Best Cost': np.float64(5.9259110110760265)}, {'Generation': 38, 'Best Cost': np.float64(5.9259110110760265)}, {'Generation': 39, 'Best Cost': np.float64(5.9259110110760265)}]"
0,25,128456570.0,128125000.0,6.835637013272942,matrices/25_random_adj_mat_7.txt,"[{'Generation': 0, 'Best Cost': np.float64(11.015249048106018)}, {'Generation': 0, 'Best Cost': np.float64(11.015249048106018)}, {'Generation': 1, 'Best Cost': np.float64(11.015249048106018)}, {'Generation': 2, 'Best Cost': np.float64(10.41285704029442)}, {'Generation': 3, 'Best Cost': np.float64(8.827337534288217)}, {'Generation': 4, 'Best Cost': np.float64(8.827337534288217)}, {'Generation': 5, 'Best Cost': np.float64(8.827337534288217)}, {'Generation': 6, 'Best Cost': np.float64(8.827337534288217)}, {'Generation': 7, 'Best Cost': np.float64(8.827337534288217)}, {'Generation': 8, 'Best Cost': np.float64(8.827337534288217)}, {'Generation': 9, 'Best Cost': np.float64(8.827337534288217)}, {'Generation': 10, 'Best Cost': np.float64(8.827337534288217)}, {'Generation': 11, 'Best Cost': np.float64(8.352542628994803)}, {'Generation': 12, 'Best Cost': np.float64(8.352542628994803)}, {'Generation': 13, 'Best Cost': np.float64(8.352542628994803)}, {'Generation': 14, 'Best Cost': np.float64(8.352542628994803)}, {'Generation': 15, 'Best Cost': np.float64(8.352542628994803)}, {'Generation': 16, 'Best Cost': np.float64(7.959617235461567)}, {'Generation': 17, 'Best Cost': np.float64(7.959617235461567)}, {'Generation': 18, 'Best Cost': np.float64(7.87137048455903)}, {'Generation': 19, 'Best Cost': np.float64(7.87137048455903)}, {'Generation': 20, 'Best Cost': np.float64(7.852095155973267)}, {'Generation': 21, 'Best Cost': np.float64(7.852095155973267)}, {'Generation': 22, 'Best Cost': np.float64(7.852095155973267)}, {'Generation': 23, 'Best Cost': np.float64(7.852095155973267)}, {'Generation': 24, 'Best Cost': np.float64(7.852095155973267)}, {'Generation': 25, 'Best Cost': np.float64(7.852095155973267)}, {'Generation': 26, 'Best Cost': np.float64(7.852095155973267)}, {'Generation': 27, 'Best Cost': np.float64(7.852095155973267)}, {'Generation': 28, 'Best Cost': np.float64(7.852095155973267)}, {'Generation': 29, 'Best Cost': np.float64(7.852095155973267)}, {'Generation': 30, 'Best Cost': np.float64(7.852095155973267)}, {'Generation': 31, 'Best Cost': np.float64(7.8051537771328166)}, {'Generation': 32, 'Best Cost': np.float64(7.513552763803674)}, {'Generation': 33, 'Best Cost': np.float64(7.259527946768312)}, {'Generation': 34, 'Best Cost': np.float64(7.259527946768312)}, {'Generation': 35, 'Best Cost': np.float64(7.259527946768312)}, {'Generation': 36, 'Best Cost': np.float64(7.259527946768312)}, {'Generation': 37, 'Best Cost': np.float64(7.259527946768312)}, {'Generation': 38, 'Best Cost': np.float64(7.259527946768312)}, {'Generation': 39, 'Best Cost': np.float64(7.259527946768312)}]"
0,25,132367150.0,132812500.0,6.336313575244357,matrices/25_random_adj_mat_8.txt,"[{'Generation': 0, 'Best Cost': np.float64(11.377615528779602)}, {'Generation': 0, 'Best Cost': np.float64(11.377615528779602)}, {'Generation': 1, 'Best Cost': np.float64(11.302511340690602)}, {'Generation': 2, 'Best Cost': np.float64(10.904138701025666)}, {'Generation': 3, 'Best Cost': np.float64(10.904138701025666)}, {'Generation': 4, 'Best Cost': np.float64(10.904138701025666)}, {'Generation': 5, 'Best Cost': np.float64(10.187283537676535)}, {'Generation': 6, 'Best Cost': np.float64(9.304925209786006)}, {'Generation': 7, 'Best Cost': np.float64(9.304925209786006)}, {'Generation': 8, 'Best Cost': np.float64(9.304925209786006)}, {'Generation': 9, 'Best Cost': np.float64(8.25462439514064)}, {'Generation': 10, 'Best Cost': np.float64(8.25462439514064)}, {'Generation': 11, 'Best Cost': np.float64(8.25462439514064)}, {'Generation': 12, 'Best Cost': np.float64(8.25462439514064)}, {'Generation': 13, 'Best Cost': np.float64(8.25462439514064)}, {'Generation': 14, 'Best Cost': np.float64(8.25462439514064)}, {'Generation': 15, 'Best Cost': np.float64(8.25462439514064)}, {'Generation': 16, 'Best Cost': np.float64(8.25462439514064)}, {'Generation': 17, 'Best Cost': np.float64(8.25462439514064)}, {'Generation': 18, 'Best Cost': np.float64(8.25462439514064)}, {'Generation': 19, 'Best Cost': np.float64(8.25462439514064)}, {'Generation': 20, 'Best Cost': np.float64(7.274705621816709)}, {'Generation': 21, 'Best Cost': np.float64(6.941830479962599)}, {'Generation': 22, 'Best Cost': np.float64(6.941830479962599)}, {'Generation': 23, 'Best Cost': np.float64(6.941830479962599)}, {'Generation': 24, 'Best Cost': np.float64(6.941830479962599)}, {'Generation': 25, 'Best Cost': np.float64(6.941830479962599)}, {'Generation': 26, 'Best Cost': np.float64(6.941830479962599)}, {'Generation': 27, 'Best Cost': np.float64(6.941830479962599)}, {'Generation': 28, 'Best Cost': np.float64(6.941830479962599)}, {'Generation': 29, 'Best Cost': np.float64(6.941830479962599)}, {'Generation': 30, 'Best Cost': np.float64(6.941830479962599)}, {'Generation': 31, 'Best Cost': np.float64(6.941830479962599)}, {'Generation': 32, 'Best Cost': np.float64(6.941830479962599)}, {'Generation': 33, 'Best Cost': np.float64(6.941830479962599)}, {'Generation': 34, 'Best Cost': np.float64(6.941830479962599)}, {'Generation': 35, 'Best Cost': np.float64(6.941830479962599)}, {'Generation': 36, 'Best Cost': np.float64(6.941830479962599)}, {'Generation': 37, 'Best Cost': np.float64(6.847659672096758)}, {'Generation': 38, 'Best Cost': np.float64(6.847659672096758)}, {'Generation': 39, 'Best Cost': np.float64(6.847659672096758)}]"
0,25,128367180.0,128125000.0,5.706133211092754,matrices/25_random_adj_mat_9.txt,"[{'Generation': 0, 'Best Cost': np.float64(11.375263646525248)}, {'Generation': 0, 'Best Cost': np.float64(10.622044050571702)}, {'Generation': 1, 'Best Cost': np.float64(9.475121405835065)}, {'Generation': 2, 'Best Cost': np.float64(9.475121405835065)}, {'Generation': 3, 'Best Cost': np.float64(9.475121405835065)}, {'Generation': 4, 'Best Cost': np.float64(7.98750257771806)}, {'Generation': 5, 'Best Cost': np.float64(7.98750257771806)}, {'Generation': 6, 'Best Cost': np.float64(7.98750257771806)}, {'Generation': 7, 'Best Cost': np.float64(7.98750257771806)}, {'Generation': 8, 'Best Cost': np.float64(7.98750257771806)}, {'Generation': 9, 'Best Cost': np.float64(7.98750257771806)}, {'Generation': 10, 'Best Cost': np.float64(7.98750257771806)}, {'Generation': 11, 'Best Cost': np.float64(7.98750257771806)}, {'Generation': 12, 'Best Cost': np.float64(7.147758513121353)}, {'Generation': 13, 'Best Cost': np.float64(6.692356485605167)}, {'Generation': 14, 'Best Cost': np.float64(6.692356485605167)}, {'Generation': 15, 'Best Cost': np.float64(6.692356485605167)}, {'Generation': 16, 'Best Cost': np.float64(6.692356485605167)}, {'Generation': 17, 'Best Cost': np.float64(6.692356485605167)}, {'Generation': 18, 'Best Cost': np.float64(6.692356485605167)}, {'Generation': 19, 'Best Cost': np.float64(6.692356485605167)}, {'Generation': 20, 'Best Cost': np.float64(6.692356485605167)}, {'Generation': 21, 'Best Cost': np.float64(6.563746604449687)}, {'Generation': 22, 'Best Cost': np.float64(6.563746604449687)}, {'Generation': 23, 'Best Cost': np.float64(6.563746604449687)}, {'Generation': 24, 'Best Cost': np.float64(6.563746604449687)}, {'Generation': 25, 'Best Cost': np.float64(6.563746604449687)}, {'Generation': 26, 'Best Cost': np.float64(6.563746604449687)}, {'Generation': 27, 'Best Cost': np.float64(6.563746604449687)}, {'Generation': 28, 'Best Cost': np.float64(6.563746604449687)}, {'Generation': 29, 'Best Cost': np.float64(6.563746604449687)}, {'Generation': 30, 'Best Cost': np.float64(6.563746604449687)}, {'Generation': 31, 'Best Cost': np.float64(6.296639224801431)}, {'Generation': 32, 'Best Cost': np.float64(6.296639224801431)}, {'Generation': 33, 'Best Cost': np.float64(6.296639224801431)}, {'Generation': 34, 'Best Cost': np.float64(6.296639224801431)}, {'Generation': 35, 'Best Cost': np.float64(6.296639224801431)}, {'Generation': 36, 'Best Cost': np.float64(6.296639224801431)}, {'Generation': 37, 'Best Cost': np.float64(6.296639224801431)}, {'Generation': 38, 'Best Cost': np.float64(6.296639224801431)}, {'Generation': 39, 'Best Cost': np.float64(6.296639224801431)}]"
0,30,189046270.0,185937500.0,8.31053645465808,matrices/30_random_adj_mat_0.txt,"[{'Generation': 0, 'Best Cost': np.float64(14.22263684589957)}, {'Generation': 0, 'Best Cost': np.float64(13.975763598612355)}, {'Generation': 1, 'Best Cost': np.float64(13.778106783690365)}, {'Generation': 2, 'Best Cost': np.float64(13.488761924291524)}, {'Generation': 3, 'Best Cost': np.float64(12.280042858565311)}, {'Generation': 4, 'Best Cost': np.float64(12.280042858565311)}, {'Generation': 5, 'Best Cost': np.float64(11.783383577959789)}, {'Generation': 6, 'Best Cost': np.float64(11.783383577959789)}, {'Generation': 7, 'Best Cost': np.float64(11.783383577959789)}, {'Generation': 8, 'Best Cost': np.float64(11.140309187522957)}, {'Generation': 9, 'Best Cost': np.float64(11.140309187522957)}, {'Generation': 10, 'Best Cost': np.float64(10.88684358838503)}, {'Generation': 11, 'Best Cost': np.float64(10.88684358838503)}, {'Generation': 12, 'Best Cost': np.float64(10.88684358838503)}, {'Generation': 13, 'Best Cost': np.float64(10.607772741984718)}, {'Generation': 14, 'Best Cost': np.float64(10.570679265138496)}, {'Generation': 15, 'Best Cost': np.float64(10.570679265138496)}, {'Generation': 16, 'Best Cost': np.float64(9.612785099868725)}, {'Generation': 17, 'Best Cost': np.float64(9.612785099868725)}, {'Generation': 18, 'Best Cost': np.float64(9.612785099868725)}, {'Generation': 19, 'Best Cost': np.float64(9.612785099868725)}, {'Generation': 20, 'Best Cost': np.float64(9.612785099868725)}, {'Generation': 21, 'Best Cost': np.float64(9.612785099868725)}, {'Generation': 22, 'Best Cost': np.float64(9.424306240665288)}, {'Generation': 23, 'Best Cost': np.float64(9.424306240665288)}, {'Generation': 24, 'Best Cost': np.float64(9.424306240665288)}, {'Generation': 25, 'Best Cost': np.float64(9.424306240665288)}, {'Generation': 26, 'Best Cost': np.float64(9.424306240665288)}, {'Generation': 27, 'Best Cost': np.float64(9.424306240665288)}, {'Generation': 28, 'Best Cost': np.float64(9.424306240665288)}, {'Generation': 29, 'Best Cost': np.float64(9.424306240665288)}, {'Generation': 30, 'Best Cost': np.float64(9.424306240665288)}, {'Generation': 31, 'Best Cost': np.float64(9.424306240665288)}, {'Generation': 32, 'Best Cost': np.float64(9.424306240665288)}, {'Generation': 33, 'Best Cost': np.float64(9.424306240665288)}, {'Generation': 34, 'Best Cost': np.float64(9.424306240665288)}, {'Generation': 35, 'Best Cost': np.float64(9.424306240665288)}, {'Generation': 36, 'Best Cost': np.float64(9.424306240665288)}, {'Generation': 37, 'Best Cost': np.float64(9.388005067274813)}, {'Generation': 38, 'Best Cost': np.float64(9.388005067274813)}, {'Generation': 39, 'Best Cost': np.float64(8.580546190346114)}]"
0,30,181663910.0,182812500.0,8.14246016098392,matrices/30_random_adj_mat_1.txt,"[{'Generation': 0, 'Best Cost': np.float64(13.673910024444968)}, {'Generation': 0, 'Best Cost': np.float64(12.742933937732621)}, {'Generation': 1, 'Best Cost': np.float64(12.742933937732621)}, {'Generation': 2, 'Best Cost': np.float64(12.106922534325149)}, {'Generation': 3, 'Best Cost': np.float64(12.106922534325149)}, {'Generation': 4, 'Best Cost': np.float64(11.43235156711001)}, {'Generation': 5, 'Best Cost': np.float64(11.43235156711001)}, {'Generation': 6, 'Best Cost': np.float64(11.43235156711001)}, {'Generation': 7, 'Best Cost': np.float64(11.43235156711001)}, {'Generation': 8, 'Best Cost': np.float64(11.43235156711001)}, {'Generation': 9, 'Best Cost': np.float64(11.43235156711001)}, {'Generation': 10, 'Best Cost': np.float64(11.43235156711001)}, {'Generation': 11, 'Best Cost': np.float64(11.43235156711001)}, {'Generation': 12, 'Best Cost': np.float64(10.998614104865084)}, {'Generation': 13, 'Best Cost': np.float64(10.944598001722948)}, {'Generation': 14, 'Best Cost': np.float64(10.944598001722948)}, {'Generation': 15, 'Best Cost': np.float64(10.944598001722948)}, {'Generation': 16, 'Best Cost': np.float64(10.12244320673537)}, {'Generation': 17, 'Best Cost': np.float64(10.12244320673537)}, {'Generation': 18, 'Best Cost': np.float64(10.12244320673537)}, {'Generation': 19, 'Best Cost': np.float64(9.65911784449941)}, {'Generation': 20, 'Best Cost': np.float64(9.65911784449941)}, {'Generation': 21, 'Best Cost': np.float64(9.65911784449941)}, {'Generation': 22, 'Best Cost': np.float64(9.625645960621789)}, {'Generation': 23, 'Best Cost': np.float64(9.625645960621789)}, {'Generation': 24, 'Best Cost': np.float64(9.625645960621789)}, {'Generation': 25, 'Best Cost': np.float64(9.625645960621789)}, {'Generation': 26, 'Best Cost': np.float64(9.625645960621789)}, {'Generation': 27, 'Best Cost': np.float64(8.093302513819292)}, {'Generation': 28, 'Best Cost': np.float64(8.093302513819292)}, {'Generation': 29, 'Best Cost': np.float64(8.093302513819292)}, {'Generation': 30, 'Best Cost': np.float64(8.093302513819292)}, {'Generation': 31, 'Best Cost': np.float64(8.093302513819292)}, {'Generation': 32, 'Best Cost': np.float64(8.093302513819292)}, {'Generation': 33, 'Best Cost': np.float64(8.093302513819292)}, {'Generation': 34, 'Best Cost': np.float64(8.093302513819292)}, {'Generation': 35, 'Best Cost': np.float64(8.076397605583784)}, {'Generation': 36, 'Best Cost': np.float64(8.076397605583784)}, {'Generation': 37, 'Best Cost': np.float64(8.076397605583784)}, {'Generation': 38, 'Best Cost': np.float64(8.076397605583784)}, {'Generation': 39, 'Best Cost': np.float64(8.076397605583784)}]"
0,30,179595630.0,179687500.0,8.20513255115782,matrices/30_random_adj_mat_2.txt,"[{'Generation': 0, 'Best Cost': np.float64(12.779543134369868)}, {'Generation': 0, 'Best Cost': np.float64(12.779543134369868)}, {'Generation': 1, 'Best Cost': np.float64(12.779543134369868)}, {'Generation': 2, 'Best Cost': np.float64(12.779543134369868)}, {'Generation': 3, 'Best Cost': np.float64(12.426829573516446)}, {'Generation': 4, 'Best Cost': np.float64(12.426829573516446)}, {'Generation': 5, 'Best Cost': np.float64(12.149314720199754)}, {'Generation': 6, 'Best Cost': np.float64(12.149314720199754)}, {'Generation': 7, 'Best Cost': np.float64(12.149314720199754)}, {'Generation': 8, 'Best Cost': np.float64(11.07443113156379)}, {'Generation': 9, 'Best Cost': np.float64(10.697128530039187)}, {'Generation': 10, 'Best Cost': np.float64(10.697128530039187)}, {'Generation': 11, 'Best Cost': np.float64(10.697128530039187)}, {'Generation': 12, 'Best Cost': np.float64(10.363623144532065)}, {'Generation': 13, 'Best Cost': np.float64(9.687721131703213)}, {'Generation': 14, 'Best Cost': np.float64(9.687721131703213)}, {'Generation': 15, 'Best Cost': np.float64(9.0605734926883)}, {'Generation': 16, 'Best Cost': np.float64(9.0605734926883)}, {'Generation': 17, 'Best Cost': np.float64(9.0605734926883)}, {'Generation': 18, 'Best Cost': np.float64(8.840706202929262)}, {'Generation': 19, 'Best Cost': np.float64(8.840706202929262)}, {'Generation': 20, 'Best Cost': np.float64(8.840706202929262)}, {'Generation': 21, 'Best Cost': np.float64(8.840706202929262)}, {'Generation': 22, 'Best Cost': np.float64(8.840706202929262)}, {'Generation': 23, 'Best Cost': np.float64(8.840706202929262)}, {'Generation': 24, 'Best Cost': np.float64(8.840706202929262)}, {'Generation': 25, 'Best Cost': np.float64(8.840706202929262)}, {'Generation': 26, 'Best Cost': np.float64(8.385185156940397)}, {'Generation': 27, 'Best Cost': np.float64(8.385185156940397)}, {'Generation': 28, 'Best Cost': np.float64(7.593262589544581)}, {'Generation': 29, 'Best Cost': np.float64(7.593262589544581)}, {'Generation': 30, 'Best Cost': np.float64(7.593262589544581)}, {'Generation': 31, 'Best Cost': np.float64(7.593262589544581)}, {'Generation': 32, 'Best Cost': np.float64(7.593262589544581)}, {'Generation': 33, 'Best Cost': np.float64(7.593262589544581)}, {'Generation': 34, 'Best Cost': np.float64(7.593262589544581)}, {'Generation': 35, 'Best Cost': np.float64(7.593262589544581)}, {'Generation': 36, 'Best Cost': np.float64(7.593262589544581)}, {'Generation': 37, 'Best Cost': np.float64(7.593262589544581)}, {'Generation': 38, 'Best Cost': np.float64(7.593262589544581)}, {'Generation': 39, 'Best Cost': np.float64(7.593262589544581)}]"
0,30,178759730.0,178125000.0,8.870686637448685,matrices/30_random_adj_mat_3.txt,"[{'Generation': 0, 'Best Cost': np.float64(13.388785593664162)}, {'Generation': 0, 'Best Cost': np.float64(13.320926873789881)}, {'Generation': 1, 'Best Cost': np.float64(11.787981919570907)}, {'Generation': 2, 'Best Cost': np.float64(11.787981919570907)}, {'Generation': 3, 'Best Cost': np.float64(11.787981919570907)}, {'Generation': 4, 'Best Cost': np.float64(11.787981919570907)}, {'Generation': 5, 'Best Cost': np.float64(11.787981919570907)}, {'Generation': 6, 'Best Cost': np.float64(11.787981919570907)}, {'Generation': 7, 'Best Cost': np.float64(11.246035700658531)}, {'Generation': 8, 'Best Cost': np.float64(10.846153666010087)}, {'Generation': 9, 'Best Cost': np.float64(10.846153666010087)}, {'Generation': 10, 'Best Cost': np.float64(10.846153666010087)}, {'Generation': 11, 'Best Cost': np.float64(10.82076527776039)}, {'Generation': 12, 'Best Cost': np.float64(10.397105614511771)}, {'Generation': 13, 'Best Cost': np.float64(10.397105614511771)}, {'Generation': 14, 'Best Cost': np.float64(10.397105614511771)}, {'Generation': 15, 'Best Cost': np.float64(10.397105614511771)}, {'Generation': 16, 'Best Cost': np.float64(10.397105614511771)}, {'Generation': 17, 'Best Cost': np.float64(10.190298555624928)}, {'Generation': 18, 'Best Cost': np.float64(9.876542107611108)}, {'Generation': 19, 'Best Cost': np.float64(8.97327246342775)}, {'Generation': 20, 'Best Cost': np.float64(8.97327246342775)}, {'Generation': 21, 'Best Cost': np.float64(8.97327246342775)}, {'Generation': 22, 'Best Cost': np.float64(8.911112470303724)}, {'Generation': 23, 'Best Cost': np.float64(8.911112470303724)}, {'Generation': 24, 'Best Cost': np.float64(8.911112470303724)}, {'Generation': 25, 'Best Cost': np.float64(8.911112470303724)}, {'Generation': 26, 'Best Cost': np.float64(8.911112470303724)}, {'Generation': 27, 'Best Cost': np.float64(8.911112470303724)}, {'Generation': 28, 'Best Cost': np.float64(8.805362183085558)}, {'Generation': 29, 'Best Cost': np.float64(8.805362183085558)}, {'Generation': 30, 'Best Cost': np.float64(8.805362183085558)}, {'Generation': 31, 'Best Cost': np.float64(8.805362183085558)}, {'Generation': 32, 'Best Cost': np.float64(8.805362183085558)}, {'Generation': 33, 'Best Cost': np.float64(8.805362183085558)}, {'Generation': 34, 'Best Cost': np.float64(8.805362183085558)}, {'Generation': 35, 'Best Cost': np.float64(8.805362183085558)}, {'Generation': 36, 'Best Cost': np.float64(8.805362183085558)}, {'Generation': 37, 'Best Cost': np.float64(8.805362183085558)}, {'Generation': 38, 'Best Cost': np.float64(8.805362183085558)}, {'Generation': 39, 'Best Cost': np.float64(8.805362183085558)}]"
0,30,179090470.0,179687500.0,8.094396479982212,matrices/30_random_adj_mat_4.txt,"[{'Generation': 0, 'Best Cost': np.float64(12.758746643531454)}, {'Generation': 0, 'Best Cost': np.float64(12.138874224856718)}, {'Generation': 1, 'Best Cost': np.float64(11.099135652569036)}, {'Generation': 2, 'Best Cost': np.float64(11.099135652569036)}, {'Generation': 3, 'Best Cost': np.float64(10.856731788830862)}, {'Generation': 4, 'Best Cost': np.float64(10.856731788830862)}, {'Generation': 5, 'Best Cost': np.float64(10.856731788830862)}, {'Generation': 6, 'Best Cost': np.float64(10.486804915845749)}, {'Generation': 7, 'Best Cost': np.float64(10.486804915845749)}, {'Generation': 8, 'Best Cost': np.float64(10.486804915845749)}, {'Generation': 9, 'Best Cost': np.float64(9.424055086718516)}, {'Generation': 10, 'Best Cost': np.float64(9.424055086718516)}, {'Generation': 11, 'Best Cost': np.float64(9.424055086718516)}, {'Generation': 12, 'Best Cost': np.float64(9.424055086718516)}, {'Generation': 13, 'Best Cost': np.float64(9.424055086718516)}, {'Generation': 14, 'Best Cost': np.float64(9.404669218236728)}, {'Generation': 15, 'Best Cost': np.float64(9.404669218236728)}, {'Generation': 16, 'Best Cost': np.float64(9.19974109363703)}, {'Generation': 17, 'Best Cost': np.float64(9.19974109363703)}, {'Generation': 18, 'Best Cost': np.float64(9.19974109363703)}, {'Generation': 19, 'Best Cost': np.float64(7.834678146673735)}, {'Generation': 20, 'Best Cost': np.float64(7.834678146673735)}, {'Generation': 21, 'Best Cost': np.float64(7.834678146673735)}, {'Generation': 22, 'Best Cost': np.float64(7.834678146673735)}, {'Generation': 23, 'Best Cost': np.float64(7.834678146673735)}, {'Generation': 24, 'Best Cost': np.float64(7.834678146673735)}, {'Generation': 25, 'Best Cost': np.float64(7.834678146673735)}, {'Generation': 26, 'Best Cost': np.float64(7.834678146673735)}, {'Generation': 27, 'Best Cost': np.float64(7.834678146673735)}, {'Generation': 28, 'Best Cost': np.float64(7.834678146673735)}, {'Generation': 29, 'Best Cost': np.float64(7.834678146673735)}, {'Generation': 30, 'Best Cost': np.float64(7.834678146673735)}, {'Generation': 31, 'Best Cost': np.float64(7.834678146673735)}, {'Generation': 32, 'Best Cost': np.float64(7.834678146673735)}, {'Generation': 33, 'Best Cost': np.float64(7.834678146673735)}, {'Generation': 34, 'Best Cost': np.float64(7.834678146673735)}, {'Generation': 35, 'Best Cost': np.float64(7.834678146673735)}, {'Generation': 36, 'Best Cost': np.float64(7.834678146673735)}, {'Generation': 37, 'Best Cost': np.float64(7.834678146673735)}, {'Generation': 38, 'Best Cost': np.float64(7.834678146673735)}, {'Generation': 39, 'Best Cost': np.float64(7.834678146673735)}]"
0,30,177837260.0,178125000.0,8.69059371412827,matrices/30_random_adj_mat_5.txt,"[{'Generation': 0, 'Best Cost': np.float64(14.337912300961701)}, {'Generation': 0, 'Best Cost': np.float64(13.851347558177078)}, {'Generation': 1, 'Best Cost': np.float64(13.851347558177078)}, {'Generation': 2, 'Best Cost': np.float64(13.640794622623071)}, {'Generation': 3, 'Best Cost': np.float64(12.907018970571448)}, {'Generation': 4, 'Best Cost': np.float64(12.907018970571448)}, {'Generation': 5, 'Best Cost': np.float64(11.72918276262273)}, {'Generation': 6, 'Best Cost': np.float64(11.72918276262273)}, {'Generation': 7, 'Best Cost': np.float64(11.72918276262273)}, {'Generation': 8, 'Best Cost': np.float64(11.697785680346984)}, {'Generation': 9, 'Best Cost': np.float64(11.664948468486267)}, {'Generation': 10, 'Best Cost': np.float64(10.900767379250663)}, {'Generation': 11, 'Best Cost': np.float64(10.900767379250663)}, {'Generation': 12, 'Best Cost': np.float64(10.900767379250663)}, {'Generation': 13, 'Best Cost': np.float64(10.900767379250663)}, {'Generation': 14, 'Best Cost': np.float64(10.900767379250663)}, {'Generation': 15, 'Best Cost': np.float64(10.900767379250663)}, {'Generation': 16, 'Best Cost': np.float64(10.839337197363289)}, {'Generation': 17, 'Best Cost': np.float64(10.839337197363289)}, {'Generation': 18, 'Best Cost': np.float64(10.839337197363289)}, {'Generation': 19, 'Best Cost': np.float64(9.832638171823868)}, {'Generation': 20, 'Best Cost': np.float64(9.832638171823868)}, {'Generation': 21, 'Best Cost': np.float64(9.832638171823868)}, {'Generation': 22, 'Best Cost': np.float64(9.832638171823868)}, {'Generation': 23, 'Best Cost': np.float64(9.832638171823868)}, {'Generation': 24, 'Best Cost': np.float64(9.832638171823868)}, {'Generation': 25, 'Best Cost': np.float64(9.363583619018213)}, {'Generation': 26, 'Best Cost': np.float64(9.363583619018213)}, {'Generation': 27, 'Best Cost': np.float64(9.363583619018213)}, {'Generation': 28, 'Best Cost': np.float64(9.363583619018213)}, {'Generation': 29, 'Best Cost': np.float64(9.363583619018213)}, {'Generation': 30, 'Best Cost': np.float64(9.363583619018213)}, {'Generation': 31, 'Best Cost': np.float64(9.363583619018213)}, {'Generation': 32, 'Best Cost': np.float64(9.363583619018213)}, {'Generation': 33, 'Best Cost': np.float64(9.363583619018213)}, {'Generation': 34, 'Best Cost': np.float64(9.363583619018213)}, {'Generation': 35, 'Best Cost': np.float64(9.363583619018213)}, {'Generation': 36, 'Best Cost': np.float64(9.363583619018213)}, {'Generation': 37, 'Best Cost': np.float64(9.363583619018213)}, {'Generation': 38, 'Best Cost': np.float64(9.118774065813005)}, {'Generation': 39, 'Best Cost': np.float64(8.133493995875956)}]"
0,30,182053950.0,179687500.0,8.079424284669663,matrices/30_random_adj_mat_6.txt,"[{'Generation': 0, 'Best Cost': np.float64(12.973964455260758)}, {'Generation': 0, 'Best Cost': np.float64(12.619066345807154)}, {'Generation': 1, 'Best Cost': np.float64(12.619066345807154)}, {'Generation': 2, 'Best Cost': np.float64(12.244672435611099)}, {'Generation': 3, 'Best Cost': np.float64(12.185507819786345)}, {'Generation': 4, 'Best Cost': np.float64(12.185507819786345)}, {'Generation': 5, 'Best Cost': np.float64(11.138872889085226)}, {'Generation': 6, 'Best Cost': np.float64(11.138872889085226)}, {'Generation': 7, 'Best Cost': np.float64(11.138872889085226)}, {'Generation': 8, 'Best Cost': np.float64(11.138872889085226)}, {'Generation': 9, 'Best Cost': np.float64(11.138872889085226)}, {'Generation': 10, 'Best Cost': np.float64(10.24707450969292)}, {'Generation': 11, 'Best Cost': np.float64(10.24707450969292)}, {'Generation': 12, 'Best Cost': np.float64(10.24707450969292)}, {'Generation': 13, 'Best Cost': np.float64(9.843854773630612)}, {'Generation': 14, 'Best Cost': np.float64(9.26725890136781)}, {'Generation': 15, 'Best Cost': np.float64(9.26725890136781)}, {'Generation': 16, 'Best Cost': np.float64(9.26725890136781)}, {'Generation': 17, 'Best Cost': np.float64(9.172173883346858)}, {'Generation': 18, 'Best Cost': np.float64(9.172173883346858)}, {'Generation': 19, 'Best Cost': np.float64(9.172173883346858)}, {'Generation': 20, 'Best Cost': np.float64(8.612104615950381)}, {'Generation': 21, 'Best Cost': np.float64(8.612104615950381)}, {'Generation': 22, 'Best Cost': np.float64(8.612104615950381)}, {'Generation': 23, 'Best Cost': np.float64(8.612104615950381)}, {'Generation': 24, 'Best Cost': np.float64(8.612104615950381)}, {'Generation': 25, 'Best Cost': np.float64(8.612104615950381)}, {'Generation': 26, 'Best Cost': np.float64(8.612104615950381)}, {'Generation': 27, 'Best Cost': np.float64(8.612104615950381)}, {'Generation': 28, 'Best Cost': np.float64(8.612104615950381)}, {'Generation': 29, 'Best Cost': np.float64(8.612104615950381)}, {'Generation': 30, 'Best Cost': np.float64(8.612104615950381)}, {'Generation': 31, 'Best Cost': np.float64(8.612104615950381)}, {'Generation': 32, 'Best Cost': np.float64(8.612104615950381)}, {'Generation': 33, 'Best Cost': np.float64(8.612104615950381)}, {'Generation': 34, 'Best Cost': np.float64(8.612104615950381)}, {'Generation': 35, 'Best Cost': np.float64(8.612104615950381)}, {'Generation': 36, 'Best Cost': np.float64(8.612104615950381)}, {'Generation': 37, 'Best Cost': np.float64(8.612104615950381)}, {'Generation': 38, 'Best Cost': np.float64(8.612104615950381)}, {'Generation': 39, 'Best Cost': np.float64(8.612104615950381)}]"
0,30,179760220.0,181250000.0,8.249941048242608,matrices/30_random_adj_mat_7.txt,"[{'Generation': 0, 'Best Cost': np.float64(13.208105545212517)}, {'Generation': 0, 'Best Cost': np.float64(13.208105545212517)}, {'Generation': 1, 'Best Cost': np.float64(12.770116320074111)}, {'Generation': 2, 'Best Cost': np.float64(12.540193779352265)}, {'Generation': 3, 'Best Cost': np.float64(12.392422603364658)}, {'Generation': 4, 'Best Cost': np.float64(12.392422603364658)}, {'Generation': 5, 'Best Cost': np.float64(11.340154021863825)}, {'Generation': 6, 'Best Cost': np.float64(11.340154021863825)}, {'Generation': 7, 'Best Cost': np.float64(11.340154021863825)}, {'Generation': 8, 'Best Cost': np.float64(11.161647503282225)}, {'Generation': 9, 'Best Cost': np.float64(10.872514192475931)}, {'Generation': 10, 'Best Cost': np.float64(10.872514192475931)}, {'Generation': 11, 'Best Cost': np.float64(10.862606724667424)}, {'Generation': 12, 'Best Cost': np.float64(9.929657714424113)}, {'Generation': 13, 'Best Cost': np.float64(9.929657714424113)}, {'Generation': 14, 'Best Cost': np.float64(9.162117328550801)}, {'Generation': 15, 'Best Cost': np.float64(9.162117328550801)}, {'Generation': 16, 'Best Cost': np.float64(9.162117328550801)}, {'Generation': 17, 'Best Cost': np.float64(9.162117328550801)}, {'Generation': 18, 'Best Cost': np.float64(9.162117328550801)}, {'Generation': 19, 'Best Cost': np.float64(9.162117328550801)}, {'Generation': 20, 'Best Cost': np.float64(9.162117328550801)}, {'Generation': 21, 'Best Cost': np.float64(9.162117328550801)}, {'Generation': 22, 'Best Cost': np.float64(9.162117328550801)}, {'Generation': 23, 'Best Cost': np.float64(9.162117328550801)}, {'Generation': 24, 'Best Cost': np.float64(8.999095677962073)}, {'Generation': 25, 'Best Cost': np.float64(8.999095677962073)}, {'Generation': 26, 'Best Cost': np.float64(8.999095677962073)}, {'Generation': 27, 'Best Cost': np.float64(8.999095677962073)}, {'Generation': 28, 'Best Cost': np.float64(8.999095677962073)}, {'Generation': 29, 'Best Cost': np.float64(8.999095677962073)}, {'Generation': 30, 'Best Cost': np.float64(8.32282319548077)}, {'Generation': 31, 'Best Cost': np.float64(8.32282319548077)}, {'Generation': 32, 'Best Cost': np.float64(8.32282319548077)}, {'Generation': 33, 'Best Cost': np.float64(8.32282319548077)}, {'Generation': 34, 'Best Cost': np.float64(8.32282319548077)}, {'Generation': 35, 'Best Cost': np.float64(8.32282319548077)}, {'Generation': 36, 'Best Cost': np.float64(8.32282319548077)}, {'Generation': 37, 'Best Cost': np.float64(8.32282319548077)}, {'Generation': 38, 'Best Cost': np.float64(8.32282319548077)}, {'Generation': 39, 'Best Cost': np.float64(8.32282319548077)}]"
0,30,179601550.0,178125000.0,8.036149787844607,matrices/30_random_adj_mat_8.txt,"[{'Generation': 0, 'Best Cost': np.float64(13.648504298099697)}, {'Generation': 0, 'Best Cost': np.float64(12.881566239735177)}, {'Generation': 1, 'Best Cost': np.float64(11.570335736759027)}, {'Generation': 2, 'Best Cost': np.float64(11.537055301339265)}, {'Generation': 3, 'Best Cost': np.float64(11.265790024924408)}, {'Generation': 4, 'Best Cost': np.float64(11.265790024924408)}, {'Generation': 5, 'Best Cost': np.float64(11.265790024924408)}, {'Generation': 6, 'Best Cost': np.float64(11.22847896681043)}, {'Generation': 7, 'Best Cost': np.float64(11.22847896681043)}, {'Generation': 8, 'Best Cost': np.float64(11.22847896681043)}, {'Generation': 9, 'Best Cost': np.float64(10.46845187292415)}, {'Generation': 10, 'Best Cost': np.float64(10.46845187292415)}, {'Generation': 11, 'Best Cost': np.float64(10.46845187292415)}, {'Generation': 12, 'Best Cost': np.float64(10.46845187292415)}, {'Generation': 13, 'Best Cost': np.float64(10.46845187292415)}, {'Generation': 14, 'Best Cost': np.float64(10.46845187292415)}, {'Generation': 15, 'Best Cost': np.float64(9.303555750929991)}, {'Generation': 16, 'Best Cost': np.float64(9.303555750929991)}, {'Generation': 17, 'Best Cost': np.float64(9.303555750929991)}, {'Generation': 18, 'Best Cost': np.float64(9.303555750929991)}, {'Generation': 19, 'Best Cost': np.float64(9.303555750929991)}, {'Generation': 20, 'Best Cost': np.float64(9.303555750929991)}, {'Generation': 21, 'Best Cost': np.float64(9.303555750929991)}, {'Generation': 22, 'Best Cost': np.float64(9.303555750929991)}, {'Generation': 23, 'Best Cost': np.float64(8.484366424620791)}, {'Generation': 24, 'Best Cost': np.float64(8.484366424620791)}, {'Generation': 25, 'Best Cost': np.float64(8.484366424620791)}, {'Generation': 26, 'Best Cost': np.float64(8.484366424620791)}, {'Generation': 27, 'Best Cost': np.float64(8.424073662671702)}, {'Generation': 28, 'Best Cost': np.float64(8.424073662671702)}, {'Generation': 29, 'Best Cost': np.float64(8.424073662671702)}, {'Generation': 30, 'Best Cost': np.float64(8.213015352805847)}, {'Generation': 31, 'Best Cost': np.float64(8.213015352805847)}, {'Generation': 32, 'Best Cost': np.float64(8.213015352805847)}, {'Generation': 33, 'Best Cost': np.float64(8.213015352805847)}, {'Generation': 34, 'Best Cost': np.float64(8.213015352805847)}, {'Generation': 35, 'Best Cost': np.float64(7.809265387536235)}, {'Generation': 36, 'Best Cost': np.float64(7.809265387536235)}, {'Generation': 37, 'Best Cost': np.float64(7.809265387536235)}, {'Generation': 38, 'Best Cost': np.float64(7.809265387536235)}, {'Generation': 39, 'Best Cost': np.float64(7.809265387536235)}]"
0,30,180597970.0,179687500.0,7.557622418631906,matrices/30_random_adj_mat_9.txt,"[{'Generation': 0, 'Best Cost': np.float64(12.9151475298848)}, {'Generation': 0, 'Best Cost': np.float64(12.835336887078878)}, {'Generation': 1, 'Best Cost': np.float64(11.155268143730474)}, {'Generation': 2, 'Best Cost': np.float64(11.155268143730474)}, {'Generation': 3, 'Best Cost': np.float64(10.621996022208787)}, {'Generation': 4, 'Best Cost': np.float64(10.621996022208787)}, {'Generation': 5, 'Best Cost': np.float64(9.52428958708461)}, {'Generation': 6, 'Best Cost': np.float64(9.52428958708461)}, {'Generation': 7, 'Best Cost': np.float64(9.52428958708461)}, {'Generation': 8, 'Best Cost': np.float64(9.52428958708461)}, {'Generation': 9, 'Best Cost': np.float64(9.52428958708461)}, {'Generation': 10, 'Best Cost': np.float64(9.52428958708461)}, {'Generation': 11, 'Best Cost': np.float64(9.46260583007608)}, {'Generation': 12, 'Best Cost': np.float64(9.403511839581812)}, {'Generation': 13, 'Best Cost': np.float64(8.980032746928316)}, {'Generation': 14, 'Best Cost': np.float64(8.980032746928316)}, {'Generation': 15, 'Best Cost': np.float64(8.980032746928316)}, {'Generation': 16, 'Best Cost': np.float64(8.901988867868585)}, {'Generation': 17, 'Best Cost': np.float64(8.901988867868585)}, {'Generation': 18, 'Best Cost': np.float64(8.901988867868585)}, {'Generation': 19, 'Best Cost': np.float64(8.58577970319759)}, {'Generation': 20, 'Best Cost': np.float64(8.58577970319759)}, {'Generation': 21, 'Best Cost': np.float64(8.58577970319759)}, {'Generation': 22, 'Best Cost': np.float64(8.58577970319759)}, {'Generation': 23, 'Best Cost': np.float64(8.58577970319759)}, {'Generation': 24, 'Best Cost': np.float64(8.569975576551094)}, {'Generation': 25, 'Best Cost': np.float64(8.569975576551094)}, {'Generation': 26, 'Best Cost': np.float64(8.569975576551094)}, {'Generation': 27, 'Best Cost': np.float64(8.569975576551094)}, {'Generation': 28, 'Best Cost': np.float64(8.3582916964741)}, {'Generation': 29, 'Best Cost': np.float64(8.3582916964741)}, {'Generation': 30, 'Best Cost': np.float64(8.3582916964741)}, {'Generation': 31, 'Best Cost': np.float64(8.3582916964741)}, {'Generation': 32, 'Best Cost': np.float64(8.3582916964741)}, {'Generation': 33, 'Best Cost': np.float64(8.3582916964741)}, {'Generation': 34, 'Best Cost': np.float64(8.182162934730403)}, {'Generation': 35, 'Best Cost': np.float64(8.182162934730403)}, {'Generation': 36, 'Best Cost': np.float64(8.182162934730403)}, {'Generation': 37, 'Best Cost': np.float64(8.009615764536395)}, {'Generation': 38, 'Best Cost': np.float64(8.009615764536395)}, {'Generation': 39, 'Best Cost': np.float64(8.009615764536395)}]"
0,30,180981630.0,181250000.0,8.337529206802824,matrices/30_random_adj_mat_0.txt,"[{'Generation': 0, 'Best Cost': np.float64(14.480397916436937)}, {'Generation': 0, 'Best Cost': np.float64(13.267698605340755)}, {'Generation': 1, 'Best Cost': np.float64(13.267698605340755)}, {'Generation': 2, 'Best Cost': np.float64(13.267698605340755)}, {'Generation': 3, 'Best Cost': np.float64(12.277349055175842)}, {'Generation': 4, 'Best Cost': np.float64(11.873843293956085)}, {'Generation': 5, 'Best Cost': np.float64(11.873843293956085)}, {'Generation': 6, 'Best Cost': np.float64(11.873843293956085)}, {'Generation': 7, 'Best Cost': np.float64(11.739105903448227)}, {'Generation': 8, 'Best Cost': np.float64(10.92317263881731)}, {'Generation': 9, 'Best Cost': np.float64(10.884112536442904)}, {'Generation': 10, 'Best Cost': np.float64(9.943857838758749)}, {'Generation': 11, 'Best Cost': np.float64(9.718236972102043)}, {'Generation': 12, 'Best Cost': np.float64(9.718236972102043)}, {'Generation': 13, 'Best Cost': np.float64(9.718236972102043)}, {'Generation': 14, 'Best Cost': np.float64(9.718236972102043)}, {'Generation': 15, 'Best Cost': np.float64(9.718236972102043)}, {'Generation': 16, 'Best Cost': np.float64(9.718236972102043)}, {'Generation': 17, 'Best Cost': np.float64(9.718236972102043)}, {'Generation': 18, 'Best Cost': np.float64(9.718236972102043)}, {'Generation': 19, 'Best Cost': np.float64(9.718236972102043)}, {'Generation': 20, 'Best Cost': np.float64(9.718236972102043)}, {'Generation': 21, 'Best Cost': np.float64(9.718236972102043)}, {'Generation': 22, 'Best Cost': np.float64(9.718236972102043)}, {'Generation': 23, 'Best Cost': np.float64(9.718236972102043)}, {'Generation': 24, 'Best Cost': np.float64(9.718236972102043)}, {'Generation': 25, 'Best Cost': np.float64(9.718236972102043)}, {'Generation': 26, 'Best Cost': np.float64(9.718236972102043)}, {'Generation': 27, 'Best Cost': np.float64(8.48241490974604)}, {'Generation': 28, 'Best Cost': np.float64(8.48241490974604)}, {'Generation': 29, 'Best Cost': np.float64(8.48241490974604)}, {'Generation': 30, 'Best Cost': np.float64(8.48241490974604)}, {'Generation': 31, 'Best Cost': np.float64(8.48241490974604)}, {'Generation': 32, 'Best Cost': np.float64(8.291955678294588)}, {'Generation': 33, 'Best Cost': np.float64(8.291955678294588)}, {'Generation': 34, 'Best Cost': np.float64(8.291955678294588)}, {'Generation': 35, 'Best Cost': np.float64(8.291955678294588)}, {'Generation': 36, 'Best Cost': np.float64(8.291955678294588)}, {'Generation': 37, 'Best Cost': np.float64(8.291955678294588)}, {'Generation': 38, 'Best Cost': np.float64(8.291955678294588)}, {'Generation': 39, 'Best Cost': np.float64(8.291955678294588)}]"
0,30,179222550.0,176562500.0,7.846296436934322,matrices/30_random_adj_mat_1.txt,"[{'Generation': 0, 'Best Cost': np.float64(13.245926712985211)}, {'Generation': 0, 'Best Cost': np.float64(12.526878955347328)}, {'Generation': 1, 'Best Cost': np.float64(12.526878955347328)}, {'Generation': 2, 'Best Cost': np.float64(12.439740036574273)}, {'Generation': 3, 'Best Cost': np.float64(11.85372752760453)}, {'Generation': 4, 'Best Cost': np.float64(11.85372752760453)}, {'Generation': 5, 'Best Cost': np.float64(11.85372752760453)}, {'Generation': 6, 'Best Cost': np.float64(11.85372752760453)}, {'Generation': 7, 'Best Cost': np.float64(11.259606117336421)}, {'Generation': 8, 'Best Cost': np.float64(10.48977689179715)}, {'Generation': 9, 'Best Cost': np.float64(10.48977689179715)}, {'Generation': 10, 'Best Cost': np.float64(10.48977689179715)}, {'Generation': 11, 'Best Cost': np.float64(10.48977689179715)}, {'Generation': 12, 'Best Cost': np.float64(10.48977689179715)}, {'Generation': 13, 'Best Cost': np.float64(10.48977689179715)}, {'Generation': 14, 'Best Cost': np.float64(10.48977689179715)}, {'Generation': 15, 'Best Cost': np.float64(10.193963933760216)}, {'Generation': 16, 'Best Cost': np.float64(10.193963933760216)}, {'Generation': 17, 'Best Cost': np.float64(10.193963933760216)}, {'Generation': 18, 'Best Cost': np.float64(9.804851283356022)}, {'Generation': 19, 'Best Cost': np.float64(9.693633983724837)}, {'Generation': 20, 'Best Cost': np.float64(8.877894378551977)}, {'Generation': 21, 'Best Cost': np.float64(8.877894378551977)}, {'Generation': 22, 'Best Cost': np.float64(8.877894378551977)}, {'Generation': 23, 'Best Cost': np.float64(8.877894378551977)}, {'Generation': 24, 'Best Cost': np.float64(8.484887947030575)}, {'Generation': 25, 'Best Cost': np.float64(8.484887947030575)}, {'Generation': 26, 'Best Cost': np.float64(8.484887947030575)}, {'Generation': 27, 'Best Cost': np.float64(8.484887947030575)}, {'Generation': 28, 'Best Cost': np.float64(8.484887947030575)}, {'Generation': 29, 'Best Cost': np.float64(8.484887947030575)}, {'Generation': 30, 'Best Cost': np.float64(8.390371457154309)}, {'Generation': 31, 'Best Cost': np.float64(8.390371457154309)}, {'Generation': 32, 'Best Cost': np.float64(8.131091215821403)}, {'Generation': 33, 'Best Cost': np.float64(8.131091215821403)}, {'Generation': 34, 'Best Cost': np.float64(8.131091215821403)}, {'Generation': 35, 'Best Cost': np.float64(8.131091215821403)}, {'Generation': 36, 'Best Cost': np.float64(8.131091215821403)}, {'Generation': 37, 'Best Cost': np.float64(7.4742466347783)}, {'Generation': 38, 'Best Cost': np.float64(7.4742466347783)}, {'Generation': 39, 'Best Cost': np.float64(7.4742466347783)}]"
0,30,179466220.0,179687500.0,8.415972489219389,matrices/30_random_adj_mat_2.txt,"[{'Generation': 0, 'Best Cost': np.float64(14.49302873174249)}, {'Generation': 0, 'Best Cost': np.float64(13.6127425255966)}, {'Generation': 1, 'Best Cost': np.float64(12.903466528852368)}, {'Generation': 2, 'Best Cost': np.float64(12.167152392934456)}, {'Generation': 3, 'Best Cost': np.float64(11.262881892819257)}, {'Generation': 4, 'Best Cost': np.float64(11.262881892819257)}, {'Generation': 5, 'Best Cost': np.float64(11.262881892819257)}, {'Generation': 6, 'Best Cost': np.float64(11.262881892819257)}, {'Generation': 7, 'Best Cost': np.float64(11.262881892819257)}, {'Generation': 8, 'Best Cost': np.float64(11.262881892819257)}, {'Generation': 9, 'Best Cost': np.float64(11.262881892819257)}, {'Generation': 10, 'Best Cost': np.float64(10.657621637028297)}, {'Generation': 11, 'Best Cost': np.float64(10.013764552964151)}, {'Generation': 12, 'Best Cost': np.float64(10.013764552964151)}, {'Generation': 13, 'Best Cost': np.float64(10.013764552964151)}, {'Generation': 14, 'Best Cost': np.float64(10.013764552964151)}, {'Generation': 15, 'Best Cost': np.float64(10.013764552964151)}, {'Generation': 16, 'Best Cost': np.float64(10.013764552964151)}, {'Generation': 17, 'Best Cost': np.float64(9.38358867873025)}, {'Generation': 18, 'Best Cost': np.float64(9.38358867873025)}, {'Generation': 19, 'Best Cost': np.float64(9.38358867873025)}, {'Generation': 20, 'Best Cost': np.float64(9.38358867873025)}, {'Generation': 21, 'Best Cost': np.float64(9.38358867873025)}, {'Generation': 22, 'Best Cost': np.float64(9.38358867873025)}, {'Generation': 23, 'Best Cost': np.float64(9.38358867873025)}, {'Generation': 24, 'Best Cost': np.float64(9.38358867873025)}, {'Generation': 25, 'Best Cost': np.float64(9.38358867873025)}, {'Generation': 26, 'Best Cost': np.float64(9.38358867873025)}, {'Generation': 27, 'Best Cost': np.float64(9.38358867873025)}, {'Generation': 28, 'Best Cost': np.float64(9.38358867873025)}, {'Generation': 29, 'Best Cost': np.float64(9.38358867873025)}, {'Generation': 30, 'Best Cost': np.float64(9.38358867873025)}, {'Generation': 31, 'Best Cost': np.float64(9.38358867873025)}, {'Generation': 32, 'Best Cost': np.float64(9.38358867873025)}, {'Generation': 33, 'Best Cost': np.float64(9.38358867873025)}, {'Generation': 34, 'Best Cost': np.float64(9.38358867873025)}, {'Generation': 35, 'Best Cost': np.float64(9.38358867873025)}, {'Generation': 36, 'Best Cost': np.float64(9.38358867873025)}, {'Generation': 37, 'Best Cost': np.float64(9.38358867873025)}, {'Generation': 38, 'Best Cost': np.float64(9.38358867873025)}, {'Generation': 39, 'Best Cost': np.float64(9.38358867873025)}]"
0,30,178403250.0,178125000.0,8.47263561140564,matrices/30_random_adj_mat_3.txt,"[{'Generation': 0, 'Best Cost': np.float64(13.574788264538526)}, {'Generation': 0, 'Best Cost': np.float64(13.574788264538526)}, {'Generation': 1, 'Best Cost': np.float64(12.125885116498605)}, {'Generation': 2, 'Best Cost': np.float64(12.125885116498605)}, {'Generation': 3, 'Best Cost': np.float64(12.125885116498605)}, {'Generation': 4, 'Best Cost': np.float64(11.785280624406505)}, {'Generation': 5, 'Best Cost': np.float64(11.785280624406505)}, {'Generation': 6, 'Best Cost': np.float64(11.785280624406505)}, {'Generation': 7, 'Best Cost': np.float64(11.785280624406505)}, {'Generation': 8, 'Best Cost': np.float64(11.785280624406505)}, {'Generation': 9, 'Best Cost': np.float64(11.785280624406505)}, {'Generation': 10, 'Best Cost': np.float64(11.479078154381645)}, {'Generation': 11, 'Best Cost': np.float64(11.479078154381645)}, {'Generation': 12, 'Best Cost': np.float64(11.366347436332221)}, {'Generation': 13, 'Best Cost': np.float64(11.017204880365009)}, {'Generation': 14, 'Best Cost': np.float64(10.966662988987384)}, {'Generation': 15, 'Best Cost': np.float64(10.966662988987384)}, {'Generation': 16, 'Best Cost': np.float64(10.773259052912682)}, {'Generation': 17, 'Best Cost': np.float64(10.349047426133167)}, {'Generation': 18, 'Best Cost': np.float64(10.349047426133167)}, {'Generation': 19, 'Best Cost': np.float64(10.349047426133167)}, {'Generation': 20, 'Best Cost': np.float64(10.349047426133167)}, {'Generation': 21, 'Best Cost': np.float64(9.757400597918641)}, {'Generation': 22, 'Best Cost': np.float64(9.757400597918641)}, {'Generation': 23, 'Best Cost': np.float64(9.757400597918641)}, {'Generation': 24, 'Best Cost': np.float64(9.625154076086277)}, {'Generation': 25, 'Best Cost': np.float64(9.625154076086277)}, {'Generation': 26, 'Best Cost': np.float64(9.625154076086277)}, {'Generation': 27, 'Best Cost': np.float64(9.625154076086277)}, {'Generation': 28, 'Best Cost': np.float64(9.625154076086277)}, {'Generation': 29, 'Best Cost': np.float64(9.625154076086277)}, {'Generation': 30, 'Best Cost': np.float64(9.122308907358462)}, {'Generation': 31, 'Best Cost': np.float64(8.98993989348891)}, {'Generation': 32, 'Best Cost': np.float64(8.98993989348891)}, {'Generation': 33, 'Best Cost': np.float64(8.98993989348891)}, {'Generation': 34, 'Best Cost': np.float64(8.98993989348891)}, {'Generation': 35, 'Best Cost': np.float64(8.98993989348891)}, {'Generation': 36, 'Best Cost': np.float64(8.98993989348891)}, {'Generation': 37, 'Best Cost': np.float64(8.98993989348891)}, {'Generation': 38, 'Best Cost': np.float64(8.871305331528095)}, {'Generation': 39, 'Best Cost': np.float64(8.871305331528095)}]"
0,30,179139750.0,178125000.0,8.188776744506821,matrices/30_random_adj_mat_4.txt,"[{'Generation': 0, 'Best Cost': np.float64(13.608161767193883)}, {'Generation': 0, 'Best Cost': np.float64(12.049069875751472)}, {'Generation': 1, 'Best Cost': np.float64(12.049069875751472)}, {'Generation': 2, 'Best Cost': np.float64(12.049069875751472)}, {'Generation': 3, 'Best Cost': np.float64(12.049069875751472)}, {'Generation': 4, 'Best Cost': np.float64(11.857462012405774)}, {'Generation': 5, 'Best Cost': np.float64(11.857462012405774)}, {'Generation': 6, 'Best Cost': np.float64(11.72481884828222)}, {'Generation': 7, 'Best Cost': np.float64(10.948300407647515)}, {'Generation': 8, 'Best Cost': np.float64(10.948300407647515)}, {'Generation': 9, 'Best Cost': np.float64(10.948300407647515)}, {'Generation': 10, 'Best Cost': np.float64(10.424814381193684)}, {'Generation': 11, 'Best Cost': np.float64(10.39166479921433)}, {'Generation': 12, 'Best Cost': np.float64(8.93030790723929)}, {'Generation': 13, 'Best Cost': np.float64(8.93030790723929)}, {'Generation': 14, 'Best Cost': np.float64(8.93030790723929)}, {'Generation': 15, 'Best Cost': np.float64(8.565824743571454)}, {'Generation': 16, 'Best Cost': np.float64(8.565824743571454)}, {'Generation': 17, 'Best Cost': np.float64(8.565824743571454)}, {'Generation': 18, 'Best Cost': np.float64(8.565824743571454)}, {'Generation': 19, 'Best Cost': np.float64(8.565824743571454)}, {'Generation': 20, 'Best Cost': np.float64(8.456608691884245)}, {'Generation': 21, 'Best Cost': np.float64(8.456608691884245)}, {'Generation': 22, 'Best Cost': np.float64(8.288732166169387)}, {'Generation': 23, 'Best Cost': np.float64(8.288732166169387)}, {'Generation': 24, 'Best Cost': np.float64(8.288732166169387)}, {'Generation': 25, 'Best Cost': np.float64(8.288732166169387)}, {'Generation': 26, 'Best Cost': np.float64(8.15925236718153)}, {'Generation': 27, 'Best Cost': np.float64(8.15925236718153)}, {'Generation': 28, 'Best Cost': np.float64(8.15925236718153)}, {'Generation': 29, 'Best Cost': np.float64(8.15925236718153)}, {'Generation': 30, 'Best Cost': np.float64(8.15925236718153)}, {'Generation': 31, 'Best Cost': np.float64(8.15925236718153)}, {'Generation': 32, 'Best Cost': np.float64(8.107608531300137)}, {'Generation': 33, 'Best Cost': np.float64(7.3062467196512895)}, {'Generation': 34, 'Best Cost': np.float64(7.3062467196512895)}, {'Generation': 35, 'Best Cost': np.float64(7.3062467196512895)}, {'Generation': 36, 'Best Cost': np.float64(7.3062467196512895)}, {'Generation': 37, 'Best Cost': np.float64(7.3062467196512895)}, {'Generation': 38, 'Best Cost': np.float64(7.3062467196512895)}, {'Generation': 39, 'Best Cost': np.float64(7.3062467196512895)}]"
0,30,200707070.0,200000000.0,8.735024930760883,matrices/30_random_adj_mat_5.txt,"[{'Generation': 0, 'Best Cost': np.float64(14.80608821912599)}, {'Generation': 0, 'Best Cost': np.float64(12.842784044862025)}, {'Generation': 1, 'Best Cost': np.float64(12.160086353772092)}, {'Generation': 2, 'Best Cost': np.float64(12.160086353772092)}, {'Generation': 3, 'Best Cost': np.float64(12.160086353772092)}, {'Generation': 4, 'Best Cost': np.float64(11.54466637732475)}, {'Generation': 5, 'Best Cost': np.float64(11.54466637732475)}, {'Generation': 6, 'Best Cost': np.float64(11.54466637732475)}, {'Generation': 7, 'Best Cost': np.float64(11.54466637732475)}, {'Generation': 8, 'Best Cost': np.float64(11.54466637732475)}, {'Generation': 9, 'Best Cost': np.float64(11.26631534204792)}, {'Generation': 10, 'Best Cost': np.float64(10.175704859436372)}, {'Generation': 11, 'Best Cost': np.float64(10.175704859436372)}, {'Generation': 12, 'Best Cost': np.float64(9.763203493173188)}, {'Generation': 13, 'Best Cost': np.float64(9.763203493173188)}, {'Generation': 14, 'Best Cost': np.float64(9.763203493173188)}, {'Generation': 15, 'Best Cost': np.float64(9.763203493173188)}, {'Generation': 16, 'Best Cost': np.float64(9.706247819311711)}, {'Generation': 17, 'Best Cost': np.float64(9.706247819311711)}, {'Generation': 18, 'Best Cost': np.float64(9.638713536660322)}, {'Generation': 19, 'Best Cost': np.float64(9.638713536660322)}, {'Generation': 20, 'Best Cost': np.float64(9.638713536660322)}, {'Generation': 21, 'Best Cost': np.float64(9.638713536660322)}, {'Generation': 22, 'Best Cost': np.float64(9.638713536660322)}, {'Generation': 23, 'Best Cost': np.float64(9.638713536660322)}, {'Generation': 24, 'Best Cost': np.float64(9.638713536660322)}, {'Generation': 25, 'Best Cost': np.float64(9.396658977506663)}, {'Generation': 26, 'Best Cost': np.float64(9.396658977506663)}, {'Generation': 27, 'Best Cost': np.float64(9.396658977506663)}, {'Generation': 28, 'Best Cost': np.float64(9.396658977506663)}, {'Generation': 29, 'Best Cost': np.float64(9.396658977506663)}, {'Generation': 30, 'Best Cost': np.float64(9.396658977506663)}, {'Generation': 31, 'Best Cost': np.float64(9.396658977506663)}, {'Generation': 32, 'Best Cost': np.float64(9.396658977506663)}, {'Generation': 33, 'Best Cost': np.float64(8.794128734910055)}, {'Generation': 34, 'Best Cost': np.float64(8.794128734910055)}, {'Generation': 35, 'Best Cost': np.float64(8.794128734910055)}, {'Generation': 36, 'Best Cost': np.float64(8.794128734910055)}, {'Generation': 37, 'Best Cost': np.float64(8.794128734910055)}, {'Generation': 38, 'Best Cost': np.float64(8.794128734910055)}, {'Generation': 39, 'Best Cost': np.float64(8.794128734910055)}]"
0,30,182827750.0,181250000.0,8.101232448924048,matrices/30_random_adj_mat_6.txt,"[{'Generation': 0, 'Best Cost': np.float64(11.671763646188424)}, {'Generation': 0, 'Best Cost': np.float64(11.671763646188424)}, {'Generation': 1, 'Best Cost': np.float64(11.671763646188424)}, {'Generation': 2, 'Best Cost': np.float64(11.671763646188424)}, {'Generation': 3, 'Best Cost': np.float64(11.671763646188424)}, {'Generation': 4, 'Best Cost': np.float64(11.061753412329814)}, {'Generation': 5, 'Best Cost': np.float64(10.37676235646545)}, {'Generation': 6, 'Best Cost': np.float64(10.37676235646545)}, {'Generation': 7, 'Best Cost': np.float64(10.37676235646545)}, {'Generation': 8, 'Best Cost': np.float64(10.37676235646545)}, {'Generation': 9, 'Best Cost': np.float64(10.37676235646545)}, {'Generation': 10, 'Best Cost': np.float64(10.238172677034477)}, {'Generation': 11, 'Best Cost': np.float64(10.030980066866011)}, {'Generation': 12, 'Best Cost': np.float64(8.901999982255527)}, {'Generation': 13, 'Best Cost': np.float64(8.901999982255527)}, {'Generation': 14, 'Best Cost': np.float64(8.901999982255527)}, {'Generation': 15, 'Best Cost': np.float64(8.901999982255527)}, {'Generation': 16, 'Best Cost': np.float64(8.885289480739655)}, {'Generation': 17, 'Best Cost': np.float64(8.580615498317895)}, {'Generation': 18, 'Best Cost': np.float64(7.859890397890934)}, {'Generation': 19, 'Best Cost': np.float64(7.859890397890934)}, {'Generation': 20, 'Best Cost': np.float64(7.859890397890934)}, {'Generation': 21, 'Best Cost': np.float64(7.859890397890934)}, {'Generation': 22, 'Best Cost': np.float64(7.859890397890934)}, {'Generation': 23, 'Best Cost': np.float64(7.859890397890934)}, {'Generation': 24, 'Best Cost': np.float64(7.859890397890934)}, {'Generation': 25, 'Best Cost': np.float64(7.859890397890934)}, {'Generation': 26, 'Best Cost': np.float64(7.859890397890934)}, {'Generation': 27, 'Best Cost': np.float64(7.859890397890934)}, {'Generation': 28, 'Best Cost': np.float64(7.859890397890934)}, {'Generation': 29, 'Best Cost': np.float64(7.859890397890934)}, {'Generation': 30, 'Best Cost': np.float64(7.859890397890934)}, {'Generation': 31, 'Best Cost': np.float64(7.732584655245365)}, {'Generation': 32, 'Best Cost': np.float64(7.732584655245365)}, {'Generation': 33, 'Best Cost': np.float64(7.732584655245365)}, {'Generation': 34, 'Best Cost': np.float64(7.732584655245365)}, {'Generation': 35, 'Best Cost': np.float64(7.732584655245365)}, {'Generation': 36, 'Best Cost': np.float64(7.732584655245365)}, {'Generation': 37, 'Best Cost': np.float64(7.732584655245365)}, {'Generation': 38, 'Best Cost': np.float64(7.732584655245365)}, {'Generation': 39, 'Best Cost': np.float64(7.732584655245365)}]"
0,30,188145870.0,184375000.0,8.18864539845499,matrices/30_random_adj_mat_7.txt,"[{'Generation': 0, 'Best Cost': np.float64(14.449984410162383)}, {'Generation': 0, 'Best Cost': np.float64(13.990496831712592)}, {'Generation': 1, 'Best Cost': np.float64(13.907214808097265)}, {'Generation': 2, 'Best Cost': np.float64(12.781783480165284)}, {'Generation': 3, 'Best Cost': np.float64(12.692547892390992)}, {'Generation': 4, 'Best Cost': np.float64(12.422981003240707)}, {'Generation': 5, 'Best Cost': np.float64(11.811378811432839)}, {'Generation': 6, 'Best Cost': np.float64(11.811378811432839)}, {'Generation': 7, 'Best Cost': np.float64(11.811378811432839)}, {'Generation': 8, 'Best Cost': np.float64(9.276261784350043)}, {'Generation': 9, 'Best Cost': np.float64(9.276261784350043)}, {'Generation': 10, 'Best Cost': np.float64(9.276261784350043)}, {'Generation': 11, 'Best Cost': np.float64(9.276261784350043)}, {'Generation': 12, 'Best Cost': np.float64(9.276261784350043)}, {'Generation': 13, 'Best Cost': np.float64(9.276261784350043)}, {'Generation': 14, 'Best Cost': np.float64(9.276261784350043)}, {'Generation': 15, 'Best Cost': np.float64(9.276261784350043)}, {'Generation': 16, 'Best Cost': np.float64(9.276261784350043)}, {'Generation': 17, 'Best Cost': np.float64(9.276261784350043)}, {'Generation': 18, 'Best Cost': np.float64(9.276261784350043)}, {'Generation': 19, 'Best Cost': np.float64(9.276261784350043)}, {'Generation': 20, 'Best Cost': np.float64(9.276261784350043)}, {'Generation': 21, 'Best Cost': np.float64(9.276261784350043)}, {'Generation': 22, 'Best Cost': np.float64(9.276261784350043)}, {'Generation': 23, 'Best Cost': np.float64(9.276261784350043)}, {'Generation': 24, 'Best Cost': np.float64(9.276261784350043)}, {'Generation': 25, 'Best Cost': np.float64(9.276261784350043)}, {'Generation': 26, 'Best Cost': np.float64(8.803426310957134)}, {'Generation': 27, 'Best Cost': np.float64(8.803426310957134)}, {'Generation': 28, 'Best Cost': np.float64(8.803426310957134)}, {'Generation': 29, 'Best Cost': np.float64(8.803426310957134)}, {'Generation': 30, 'Best Cost': np.float64(8.803426310957134)}, {'Generation': 31, 'Best Cost': np.float64(8.803426310957134)}, {'Generation': 32, 'Best Cost': np.float64(8.803426310957134)}, {'Generation': 33, 'Best Cost': np.float64(8.803426310957134)}, {'Generation': 34, 'Best Cost': np.float64(8.803426310957134)}, {'Generation': 35, 'Best Cost': np.float64(8.803426310957134)}, {'Generation': 36, 'Best Cost': np.float64(8.803426310957134)}, {'Generation': 37, 'Best Cost': np.float64(8.803426310957134)}, {'Generation': 38, 'Best Cost': np.float64(8.803426310957134)}, {'Generation': 39, 'Best Cost': np.float64(8.803426310957134)}]"
0,30,178181200.0,178125000.0,8.250284845544662,matrices/30_random_adj_mat_8.txt,"[{'Generation': 0, 'Best Cost': np.float64(13.911314798531569)}, {'Generation': 0, 'Best Cost': np.float64(13.911314798531569)}, {'Generation': 1, 'Best Cost': np.float64(13.911314798531569)}, {'Generation': 2, 'Best Cost': np.float64(13.189059148636911)}, {'Generation': 3, 'Best Cost': np.float64(12.519939131369203)}, {'Generation': 4, 'Best Cost': np.float64(12.040225498338138)}, {'Generation': 5, 'Best Cost': np.float64(12.015836970361711)}, {'Generation': 6, 'Best Cost': np.float64(11.63945536206762)}, {'Generation': 7, 'Best Cost': np.float64(11.63945536206762)}, {'Generation': 8, 'Best Cost': np.float64(11.63945536206762)}, {'Generation': 9, 'Best Cost': np.float64(11.005578266789593)}, {'Generation': 10, 'Best Cost': np.float64(11.005578266789593)}, {'Generation': 11, 'Best Cost': np.float64(10.822099782379007)}, {'Generation': 12, 'Best Cost': np.float64(10.81522942504146)}, {'Generation': 13, 'Best Cost': np.float64(10.81522942504146)}, {'Generation': 14, 'Best Cost': np.float64(9.962944317190704)}, {'Generation': 15, 'Best Cost': np.float64(9.962944317190704)}, {'Generation': 16, 'Best Cost': np.float64(9.962944317190704)}, {'Generation': 17, 'Best Cost': np.float64(9.962944317190704)}, {'Generation': 18, 'Best Cost': np.float64(9.962944317190704)}, {'Generation': 19, 'Best Cost': np.float64(9.962944317190704)}, {'Generation': 20, 'Best Cost': np.float64(9.962944317190704)}, {'Generation': 21, 'Best Cost': np.float64(9.962944317190704)}, {'Generation': 22, 'Best Cost': np.float64(9.962944317190704)}, {'Generation': 23, 'Best Cost': np.float64(9.265107798513913)}, {'Generation': 24, 'Best Cost': np.float64(8.267384590264252)}, {'Generation': 25, 'Best Cost': np.float64(8.267384590264252)}, {'Generation': 26, 'Best Cost': np.float64(8.267384590264252)}, {'Generation': 27, 'Best Cost': np.float64(8.267384590264252)}, {'Generation': 28, 'Best Cost': np.float64(8.267384590264252)}, {'Generation': 29, 'Best Cost': np.float64(8.267384590264252)}, {'Generation': 30, 'Best Cost': np.float64(8.267384590264252)}, {'Generation': 31, 'Best Cost': np.float64(8.267384590264252)}, {'Generation': 32, 'Best Cost': np.float64(8.267384590264252)}, {'Generation': 33, 'Best Cost': np.float64(8.267384590264252)}, {'Generation': 34, 'Best Cost': np.float64(8.267384590264252)}, {'Generation': 35, 'Best Cost': np.float64(8.267384590264252)}, {'Generation': 36, 'Best Cost': np.float64(8.267384590264252)}, {'Generation': 37, 'Best Cost': np.float64(8.267384590264252)}, {'Generation': 38, 'Best Cost': np.float64(8.267384590264252)}, {'Generation': 39, 'Best Cost': np.float64(8.267384590264252)}]"
0,30,181086960.0,181250000.0,7.484259739435954,matrices/30_random_adj_mat_9.txt,"[{'Generation': 0, 'Best Cost': np.float64(12.294282520958173)}, {'Generation': 0, 'Best Cost': np.float64(12.294282520958173)}, {'Generation': 1, 'Best Cost': np.float64(11.546875177312751)}, {'Generation': 2, 'Best Cost': np.float64(11.546875177312751)}, {'Generation': 3, 'Best Cost': np.float64(10.745781138435259)}, {'Generation': 4, 'Best Cost': np.float64(10.745781138435259)}, {'Generation': 5, 'Best Cost': np.float64(10.745781138435259)}, {'Generation': 6, 'Best Cost': np.float64(10.745781138435259)}, {'Generation': 7, 'Best Cost': np.float64(10.745781138435259)}, {'Generation': 8, 'Best Cost': np.float64(10.745781138435259)}, {'Generation': 9, 'Best Cost': np.float64(10.339863778153298)}, {'Generation': 10, 'Best Cost': np.float64(10.339863778153298)}, {'Generation': 11, 'Best Cost': np.float64(9.967085249996186)}, {'Generation': 12, 'Best Cost': np.float64(9.967085249996186)}, {'Generation': 13, 'Best Cost': np.float64(8.456103878376531)}, {'Generation': 14, 'Best Cost': np.float64(8.456103878376531)}, {'Generation': 15, 'Best Cost': np.float64(8.456103878376531)}, {'Generation': 16, 'Best Cost': np.float64(8.456103878376531)}, {'Generation': 17, 'Best Cost': np.float64(8.456103878376531)}, {'Generation': 18, 'Best Cost': np.float64(8.456103878376531)}, {'Generation': 19, 'Best Cost': np.float64(8.456103878376531)}, {'Generation': 20, 'Best Cost': np.float64(8.456103878376531)}, {'Generation': 21, 'Best Cost': np.float64(8.456103878376531)}, {'Generation': 22, 'Best Cost': np.float64(8.456103878376531)}, {'Generation': 23, 'Best Cost': np.float64(8.456103878376531)}, {'Generation': 24, 'Best Cost': np.float64(8.348435393598336)}, {'Generation': 25, 'Best Cost': np.float64(8.054628893159514)}, {'Generation': 26, 'Best Cost': np.float64(7.95829690345412)}, {'Generation': 27, 'Best Cost': np.float64(7.918045941239955)}, {'Generation': 28, 'Best Cost': np.float64(7.918045941239955)}, {'Generation': 29, 'Best Cost': np.float64(7.918045941239955)}, {'Generation': 30, 'Best Cost': np.float64(7.918045941239955)}, {'Generation': 31, 'Best Cost': np.float64(7.918045941239955)}, {'Generation': 32, 'Best Cost': np.float64(7.918045941239955)}, {'Generation': 33, 'Best Cost': np.float64(7.918045941239955)}, {'Generation': 34, 'Best Cost': np.float64(7.837616821339373)}, {'Generation': 35, 'Best Cost': np.float64(7.837616821339373)}, {'Generation': 36, 'Best Cost': np.float64(7.625464397245631)}, {'Generation': 37, 'Best Cost': np.float64(7.625464397245631)}, {'Generation': 38, 'Best Cost': np.float64(7.625464397245631)}, {'Generation': 39, 'Best Cost': np.float64(7.554335857029698)}]"
0,40,306188300.0,306250000.0,12.92074804496771,matrices/40_random_adj_mat_0.txt,"[{'Generation': 0, 'Best Cost': np.float64(20.88289728718741)}, {'Generation': 0, 'Best Cost': np.float64(18.84832365674855)}, {'Generation': 1, 'Best Cost': np.float64(18.83256617303485)}, {'Generation': 2, 'Best Cost': np.float64(18.501221010355735)}, {'Generation': 3, 'Best Cost': np.float64(18.501221010355735)}, {'Generation': 4, 'Best Cost': np.float64(17.77970053792165)}, {'Generation': 5, 'Best Cost': np.float64(17.77970053792165)}, {'Generation': 6, 'Best Cost': np.float64(17.24833712833724)}, {'Generation': 7, 'Best Cost': np.float64(17.24833712833724)}, {'Generation': 8, 'Best Cost': np.float64(14.470656926380224)}, {'Generation': 9, 'Best Cost': np.float64(14.470656926380224)}, {'Generation': 10, 'Best Cost': np.float64(14.470656926380224)}, {'Generation': 11, 'Best Cost': np.float64(14.470656926380224)}, {'Generation': 12, 'Best Cost': np.float64(14.470656926380224)}, {'Generation': 13, 'Best Cost': np.float64(14.470656926380224)}, {'Generation': 14, 'Best Cost': np.float64(14.470656926380224)}, {'Generation': 15, 'Best Cost': np.float64(14.470656926380224)}, {'Generation': 16, 'Best Cost': np.float64(14.470656926380224)}, {'Generation': 17, 'Best Cost': np.float64(14.470656926380224)}, {'Generation': 18, 'Best Cost': np.float64(14.470656926380224)}, {'Generation': 19, 'Best Cost': np.float64(14.470656926380224)}, {'Generation': 20, 'Best Cost': np.float64(14.470656926380224)}, {'Generation': 21, 'Best Cost': np.float64(14.470656926380224)}, {'Generation': 22, 'Best Cost': np.float64(14.470656926380224)}, {'Generation': 23, 'Best Cost': np.float64(14.470656926380224)}, {'Generation': 24, 'Best Cost': np.float64(14.470656926380224)}, {'Generation': 25, 'Best Cost': np.float64(14.470656926380224)}, {'Generation': 26, 'Best Cost': np.float64(14.470656926380224)}, {'Generation': 27, 'Best Cost': np.float64(14.427807717633327)}, {'Generation': 28, 'Best Cost': np.float64(14.427807717633327)}, {'Generation': 29, 'Best Cost': np.float64(14.427807717633327)}, {'Generation': 30, 'Best Cost': np.float64(14.427807717633327)}, {'Generation': 31, 'Best Cost': np.float64(14.427807717633327)}, {'Generation': 32, 'Best Cost': np.float64(14.427807717633327)}, {'Generation': 33, 'Best Cost': np.float64(14.427807717633327)}, {'Generation': 34, 'Best Cost': np.float64(14.427807717633327)}, {'Generation': 35, 'Best Cost': np.float64(14.427807717633327)}, {'Generation': 36, 'Best Cost': np.float64(14.427807717633327)}, {'Generation': 37, 'Best Cost': np.float64(13.889572100122438)}, {'Generation': 38, 'Best Cost': np.float64(13.889572100122438)}, {'Generation': 39, 'Best Cost': np.float64(13.718319926894774)}]"
0,40,316496350.0,312500000.0,11.43652114874735,matrices/40_random_adj_mat_1.txt,"[{'Generation': 0, 'Best Cost': np.float64(17.815014800783352)}, {'Generation': 0, 'Best Cost': np.float64(17.503477303576204)}, {'Generation': 1, 'Best Cost': np.float64(16.741078962822023)}, {'Generation': 2, 'Best Cost': np.float64(16.741078962822023)}, {'Generation': 3, 'Best Cost': np.float64(16.655120284120343)}, {'Generation': 4, 'Best Cost': np.float64(16.033040017794107)}, {'Generation': 5, 'Best Cost': np.float64(16.033040017794107)}, {'Generation': 6, 'Best Cost': np.float64(15.270784007743947)}, {'Generation': 7, 'Best Cost': np.float64(15.270784007743947)}, {'Generation': 8, 'Best Cost': np.float64(15.270784007743947)}, {'Generation': 9, 'Best Cost': np.float64(15.270784007743947)}, {'Generation': 10, 'Best Cost': np.float64(15.270784007743947)}, {'Generation': 11, 'Best Cost': np.float64(15.270784007743947)}, {'Generation': 12, 'Best Cost': np.float64(14.926100385068988)}, {'Generation': 13, 'Best Cost': np.float64(14.926100385068988)}, {'Generation': 14, 'Best Cost': np.float64(14.926100385068988)}, {'Generation': 15, 'Best Cost': np.float64(14.926100385068988)}, {'Generation': 16, 'Best Cost': np.float64(14.926100385068988)}, {'Generation': 17, 'Best Cost': np.float64(13.147344721963254)}, {'Generation': 18, 'Best Cost': np.float64(13.147344721963254)}, {'Generation': 19, 'Best Cost': np.float64(13.147344721963254)}, {'Generation': 20, 'Best Cost': np.float64(13.147344721963254)}, {'Generation': 21, 'Best Cost': np.float64(12.937885929918531)}, {'Generation': 22, 'Best Cost': np.float64(12.937885929918531)}, {'Generation': 23, 'Best Cost': np.float64(12.937885929918531)}, {'Generation': 24, 'Best Cost': np.float64(11.687560280921016)}, {'Generation': 25, 'Best Cost': np.float64(11.687560280921016)}, {'Generation': 26, 'Best Cost': np.float64(11.687560280921016)}, {'Generation': 27, 'Best Cost': np.float64(11.687560280921016)}, {'Generation': 28, 'Best Cost': np.float64(11.687560280921016)}, {'Generation': 29, 'Best Cost': np.float64(11.687560280921016)}, {'Generation': 30, 'Best Cost': np.float64(11.687560280921016)}, {'Generation': 31, 'Best Cost': np.float64(11.687560280921016)}, {'Generation': 32, 'Best Cost': np.float64(11.687560280921016)}, {'Generation': 33, 'Best Cost': np.float64(11.687560280921016)}, {'Generation': 34, 'Best Cost': np.float64(11.687560280921016)}, {'Generation': 35, 'Best Cost': np.float64(11.687560280921016)}, {'Generation': 36, 'Best Cost': np.float64(11.687560280921016)}, {'Generation': 37, 'Best Cost': np.float64(11.687560280921016)}, {'Generation': 38, 'Best Cost': np.float64(11.687560280921016)}, {'Generation': 39, 'Best Cost': np.float64(11.582222623868043)}]"
0,40,312135630.0,309375000.0,12.138495591856952,matrices/40_random_adj_mat_2.txt,"[{'Generation': 0, 'Best Cost': np.float64(18.9045818424438)}, {'Generation': 0, 'Best Cost': np.float64(18.9045818424438)}, {'Generation': 1, 'Best Cost': np.float64(18.69333615576196)}, {'Generation': 2, 'Best Cost': np.float64(18.388958962114536)}, {'Generation': 3, 'Best Cost': np.float64(17.882524644836707)}, {'Generation': 4, 'Best Cost': np.float64(17.71698102282985)}, {'Generation': 5, 'Best Cost': np.float64(17.669961919683963)}, {'Generation': 6, 'Best Cost': np.float64(15.158222217972003)}, {'Generation': 7, 'Best Cost': np.float64(15.158222217972003)}, {'Generation': 8, 'Best Cost': np.float64(15.158222217972003)}, {'Generation': 9, 'Best Cost': np.float64(15.158222217972003)}, {'Generation': 10, 'Best Cost': np.float64(15.158222217972003)}, {'Generation': 11, 'Best Cost': np.float64(15.158222217972003)}, {'Generation': 12, 'Best Cost': np.float64(14.955834059831133)}, {'Generation': 13, 'Best Cost': np.float64(14.486384351618803)}, {'Generation': 14, 'Best Cost': np.float64(14.486384351618803)}, {'Generation': 15, 'Best Cost': np.float64(14.486384351618803)}, {'Generation': 16, 'Best Cost': np.float64(14.486384351618803)}, {'Generation': 17, 'Best Cost': np.float64(14.486384351618803)}, {'Generation': 18, 'Best Cost': np.float64(14.486384351618803)}, {'Generation': 19, 'Best Cost': np.float64(14.486384351618803)}, {'Generation': 20, 'Best Cost': np.float64(14.486384351618803)}, {'Generation': 21, 'Best Cost': np.float64(14.486384351618803)}, {'Generation': 22, 'Best Cost': np.float64(14.486384351618803)}, {'Generation': 23, 'Best Cost': np.float64(14.368532003179812)}, {'Generation': 24, 'Best Cost': np.float64(14.135800366164597)}, {'Generation': 25, 'Best Cost': np.float64(14.135800366164597)}, {'Generation': 26, 'Best Cost': np.float64(14.135800366164597)}, {'Generation': 27, 'Best Cost': np.float64(14.135800366164597)}, {'Generation': 28, 'Best Cost': np.float64(14.135800366164597)}, {'Generation': 29, 'Best Cost': np.float64(14.135800366164597)}, {'Generation': 30, 'Best Cost': np.float64(14.135800366164597)}, {'Generation': 31, 'Best Cost': np.float64(13.118244117780065)}, {'Generation': 32, 'Best Cost': np.float64(13.118244117780065)}, {'Generation': 33, 'Best Cost': np.float64(13.118244117780065)}, {'Generation': 34, 'Best Cost': np.float64(13.118244117780065)}, {'Generation': 35, 'Best Cost': np.float64(13.118244117780065)}, {'Generation': 36, 'Best Cost': np.float64(13.118244117780065)}, {'Generation': 37, 'Best Cost': np.float64(12.925791652115272)}, {'Generation': 38, 'Best Cost': np.float64(12.447779747995318)}, {'Generation': 39, 'Best Cost': np.float64(12.447779747995318)}]"
0,40,314540650.0,314062500.0,12.145890192406728,matrices/40_random_adj_mat_3.txt,"[{'Generation': 0, 'Best Cost': np.float64(16.847175345083425)}, {'Generation': 0, 'Best Cost': np.float64(16.847175345083425)}, {'Generation': 1, 'Best Cost': np.float64(16.847175345083425)}, {'Generation': 2, 'Best Cost': np.float64(16.847175345083425)}, {'Generation': 3, 'Best Cost': np.float64(16.602750831136216)}, {'Generation': 4, 'Best Cost': np.float64(15.967092466337473)}, {'Generation': 5, 'Best Cost': np.float64(15.967092466337473)}, {'Generation': 6, 'Best Cost': np.float64(15.3995884873241)}, {'Generation': 7, 'Best Cost': np.float64(15.3995884873241)}, {'Generation': 8, 'Best Cost': np.float64(15.3995884873241)}, {'Generation': 9, 'Best Cost': np.float64(15.3995884873241)}, {'Generation': 10, 'Best Cost': np.float64(14.741074899978178)}, {'Generation': 11, 'Best Cost': np.float64(14.617821820873324)}, {'Generation': 12, 'Best Cost': np.float64(14.617821820873324)}, {'Generation': 13, 'Best Cost': np.float64(14.617821820873324)}, {'Generation': 14, 'Best Cost': np.float64(14.617821820873324)}, {'Generation': 15, 'Best Cost': np.float64(14.617821820873324)}, {'Generation': 16, 'Best Cost': np.float64(13.43462422334753)}, {'Generation': 17, 'Best Cost': np.float64(13.43462422334753)}, {'Generation': 18, 'Best Cost': np.float64(12.083536487482036)}, {'Generation': 19, 'Best Cost': np.float64(12.083536487482036)}, {'Generation': 20, 'Best Cost': np.float64(12.083536487482036)}, {'Generation': 21, 'Best Cost': np.float64(12.083536487482036)}, {'Generation': 22, 'Best Cost': np.float64(12.083536487482036)}, {'Generation': 23, 'Best Cost': np.float64(12.083536487482036)}, {'Generation': 24, 'Best Cost': np.float64(12.083536487482036)}, {'Generation': 25, 'Best Cost': np.float64(12.083536487482036)}, {'Generation': 26, 'Best Cost': np.float64(12.083536487482036)}, {'Generation': 27, 'Best Cost': np.float64(12.083536487482036)}, {'Generation': 28, 'Best Cost': np.float64(12.083536487482036)}, {'Generation': 29, 'Best Cost': np.float64(12.083536487482036)}, {'Generation': 30, 'Best Cost': np.float64(12.083536487482036)}, {'Generation': 31, 'Best Cost': np.float64(12.083536487482036)}, {'Generation': 32, 'Best Cost': np.float64(12.083536487482036)}, {'Generation': 33, 'Best Cost': np.float64(12.083536487482036)}, {'Generation': 34, 'Best Cost': np.float64(12.083536487482036)}, {'Generation': 35, 'Best Cost': np.float64(12.083536487482036)}, {'Generation': 36, 'Best Cost': np.float64(12.083536487482036)}, {'Generation': 37, 'Best Cost': np.float64(12.083536487482036)}, {'Generation': 38, 'Best Cost': np.float64(12.083536487482036)}, {'Generation': 39, 'Best Cost': np.float64(12.083536487482036)}]"
0,40,316348750.0,310937500.0,11.604702467742042,matrices/40_random_adj_mat_4.txt,"[{'Generation': 0, 'Best Cost': np.float64(18.044443231152542)}, {'Generation': 0, 'Best Cost': np.float64(17.501647099578665)}, {'Generation': 1, 'Best Cost': np.float64(17.27296294213698)}, {'Generation': 2, 'Best Cost': np.float64(16.595346776506034)}, {'Generation': 3, 'Best Cost': np.float64(16.212131489388774)}, {'Generation': 4, 'Best Cost': np.float64(16.023792723536445)}, {'Generation': 5, 'Best Cost': np.float64(16.023792723536445)}, {'Generation': 6, 'Best Cost': np.float64(14.805962135265617)}, {'Generation': 7, 'Best Cost': np.float64(14.805962135265617)}, {'Generation': 8, 'Best Cost': np.float64(14.805962135265617)}, {'Generation': 9, 'Best Cost': np.float64(14.805962135265617)}, {'Generation': 10, 'Best Cost': np.float64(14.805962135265617)}, {'Generation': 11, 'Best Cost': np.float64(14.805962135265617)}, {'Generation': 12, 'Best Cost': np.float64(14.805962135265617)}, {'Generation': 13, 'Best Cost': np.float64(14.805962135265617)}, {'Generation': 14, 'Best Cost': np.float64(14.805962135265617)}, {'Generation': 15, 'Best Cost': np.float64(14.189577364837954)}, {'Generation': 16, 'Best Cost': np.float64(14.189577364837954)}, {'Generation': 17, 'Best Cost': np.float64(14.189577364837954)}, {'Generation': 18, 'Best Cost': np.float64(14.189577364837954)}, {'Generation': 19, 'Best Cost': np.float64(14.189577364837954)}, {'Generation': 20, 'Best Cost': np.float64(14.038638446296412)}, {'Generation': 21, 'Best Cost': np.float64(14.038638446296412)}, {'Generation': 22, 'Best Cost': np.float64(13.305417217854584)}, {'Generation': 23, 'Best Cost': np.float64(13.305417217854584)}, {'Generation': 24, 'Best Cost': np.float64(13.305417217854584)}, {'Generation': 25, 'Best Cost': np.float64(13.305417217854584)}, {'Generation': 26, 'Best Cost': np.float64(13.305417217854584)}, {'Generation': 27, 'Best Cost': np.float64(13.305417217854584)}, {'Generation': 28, 'Best Cost': np.float64(13.305417217854584)}, {'Generation': 29, 'Best Cost': np.float64(13.116562306565703)}, {'Generation': 30, 'Best Cost': np.float64(13.116562306565703)}, {'Generation': 31, 'Best Cost': np.float64(13.116562306565703)}, {'Generation': 32, 'Best Cost': np.float64(13.116562306565703)}, {'Generation': 33, 'Best Cost': np.float64(13.116562306565703)}, {'Generation': 34, 'Best Cost': np.float64(13.116562306565703)}, {'Generation': 35, 'Best Cost': np.float64(13.116562306565703)}, {'Generation': 36, 'Best Cost': np.float64(13.116562306565703)}, {'Generation': 37, 'Best Cost': np.float64(12.923059802106561)}, {'Generation': 38, 'Best Cost': np.float64(12.265450751193637)}, {'Generation': 39, 'Best Cost': np.float64(12.265450751193637)}]"
0,40,310825670.0,309375000.0,12.530094956895711,matrices/40_random_adj_mat_5.txt,"[{'Generation': 0, 'Best Cost': np.float64(19.091315641160445)}, {'Generation': 0, 'Best Cost': np.float64(18.987230859261704)}, {'Generation': 1, 'Best Cost': np.float64(17.92197257875511)}, {'Generation': 2, 'Best Cost': np.float64(17.92197257875511)}, {'Generation': 3, 'Best Cost': np.float64(17.368063245881785)}, {'Generation': 4, 'Best Cost': np.float64(17.368063245881785)}, {'Generation': 5, 'Best Cost': np.float64(17.080658289473117)}, {'Generation': 6, 'Best Cost': np.float64(16.880547875795635)}, {'Generation': 7, 'Best Cost': np.float64(16.880547875795635)}, {'Generation': 8, 'Best Cost': np.float64(16.036469851521655)}, {'Generation': 9, 'Best Cost': np.float64(16.036469851521655)}, {'Generation': 10, 'Best Cost': np.float64(16.036469851521655)}, {'Generation': 11, 'Best Cost': np.float64(14.799808520064916)}, {'Generation': 12, 'Best Cost': np.float64(14.799808520064916)}, {'Generation': 13, 'Best Cost': np.float64(14.799808520064916)}, {'Generation': 14, 'Best Cost': np.float64(13.999005964915975)}, {'Generation': 15, 'Best Cost': np.float64(13.51024297235268)}, {'Generation': 16, 'Best Cost': np.float64(13.51024297235268)}, {'Generation': 17, 'Best Cost': np.float64(13.51024297235268)}, {'Generation': 18, 'Best Cost': np.float64(13.51024297235268)}, {'Generation': 19, 'Best Cost': np.float64(13.51024297235268)}, {'Generation': 20, 'Best Cost': np.float64(13.51024297235268)}, {'Generation': 21, 'Best Cost': np.float64(13.51024297235268)}, {'Generation': 22, 'Best Cost': np.float64(13.51024297235268)}, {'Generation': 23, 'Best Cost': np.float64(13.51024297235268)}, {'Generation': 24, 'Best Cost': np.float64(13.51024297235268)}, {'Generation': 25, 'Best Cost': np.float64(13.51024297235268)}, {'Generation': 26, 'Best Cost': np.float64(13.51024297235268)}, {'Generation': 27, 'Best Cost': np.float64(13.51024297235268)}, {'Generation': 28, 'Best Cost': np.float64(13.51024297235268)}, {'Generation': 29, 'Best Cost': np.float64(13.51024297235268)}, {'Generation': 30, 'Best Cost': np.float64(13.0770785366061)}, {'Generation': 31, 'Best Cost': np.float64(13.0770785366061)}, {'Generation': 32, 'Best Cost': np.float64(13.0770785366061)}, {'Generation': 33, 'Best Cost': np.float64(13.0770785366061)}, {'Generation': 34, 'Best Cost': np.float64(13.0770785366061)}, {'Generation': 35, 'Best Cost': np.float64(13.0770785366061)}, {'Generation': 36, 'Best Cost': np.float64(13.0770785366061)}, {'Generation': 37, 'Best Cost': np.float64(13.0770785366061)}, {'Generation': 38, 'Best Cost': np.float64(12.700166983357596)}, {'Generation': 39, 'Best Cost': np.float64(12.700166983357596)}]"
0,40,311958160.0,309375000.0,10.840723194725767,matrices/40_random_adj_mat_6.txt,"[{'Generation': 0, 'Best Cost': np.float64(17.335210624216305)}, {'Generation': 0, 'Best Cost': np.float64(15.276752024910015)}, {'Generation': 1, 'Best Cost': np.float64(15.088513518479829)}, {'Generation': 2, 'Best Cost': np.float64(14.851475739364659)}, {'Generation': 3, 'Best Cost': np.float64(14.851475739364659)}, {'Generation': 4, 'Best Cost': np.float64(13.223363057743057)}, {'Generation': 5, 'Best Cost': np.float64(13.223363057743057)}, {'Generation': 6, 'Best Cost': np.float64(13.223363057743057)}, {'Generation': 7, 'Best Cost': np.float64(13.223363057743057)}, {'Generation': 8, 'Best Cost': np.float64(13.223363057743057)}, {'Generation': 9, 'Best Cost': np.float64(12.315740721833938)}, {'Generation': 10, 'Best Cost': np.float64(12.315740721833938)}, {'Generation': 11, 'Best Cost': np.float64(12.315740721833938)}, {'Generation': 12, 'Best Cost': np.float64(12.315740721833938)}, {'Generation': 13, 'Best Cost': np.float64(12.315740721833938)}, {'Generation': 14, 'Best Cost': np.float64(12.315740721833938)}, {'Generation': 15, 'Best Cost': np.float64(12.315740721833938)}, {'Generation': 16, 'Best Cost': np.float64(12.315740721833938)}, {'Generation': 17, 'Best Cost': np.float64(12.315740721833938)}, {'Generation': 18, 'Best Cost': np.float64(12.042488087779638)}, {'Generation': 19, 'Best Cost': np.float64(12.042488087779638)}, {'Generation': 20, 'Best Cost': np.float64(12.042488087779638)}, {'Generation': 21, 'Best Cost': np.float64(12.042488087779638)}, {'Generation': 22, 'Best Cost': np.float64(12.003457696280593)}, {'Generation': 23, 'Best Cost': np.float64(12.003457696280593)}, {'Generation': 24, 'Best Cost': np.float64(12.003457696280593)}, {'Generation': 25, 'Best Cost': np.float64(10.923878682772013)}, {'Generation': 26, 'Best Cost': np.float64(10.923878682772013)}, {'Generation': 27, 'Best Cost': np.float64(10.923878682772013)}, {'Generation': 28, 'Best Cost': np.float64(10.923878682772013)}, {'Generation': 29, 'Best Cost': np.float64(10.867454441887519)}, {'Generation': 30, 'Best Cost': np.float64(10.867454441887519)}, {'Generation': 31, 'Best Cost': np.float64(10.867454441887519)}, {'Generation': 32, 'Best Cost': np.float64(10.867454441887519)}, {'Generation': 33, 'Best Cost': np.float64(10.504741455450768)}, {'Generation': 34, 'Best Cost': np.float64(10.504741455450768)}, {'Generation': 35, 'Best Cost': np.float64(10.504741455450768)}, {'Generation': 36, 'Best Cost': np.float64(10.504741455450768)}, {'Generation': 37, 'Best Cost': np.float64(10.504741455450768)}, {'Generation': 38, 'Best Cost': np.float64(10.504741455450768)}, {'Generation': 39, 'Best Cost': np.float64(10.183463960723525)}]"
0,40,309438290.0,307812500.0,11.826265124445401,matrices/40_random_adj_mat_7.txt,"[{'Generation': 0, 'Best Cost': np.float64(18.777819188649957)}, {'Generation': 0, 'Best Cost': np.float64(18.135777930450868)}, {'Generation': 1, 'Best Cost': np.float64(17.264843445624358)}, {'Generation': 2, 'Best Cost': np.float64(16.326734068502034)}, {'Generation': 3, 'Best Cost': np.float64(15.2471053115937)}, {'Generation': 4, 'Best Cost': np.float64(15.2471053115937)}, {'Generation': 5, 'Best Cost': np.float64(15.2471053115937)}, {'Generation': 6, 'Best Cost': np.float64(15.2471053115937)}, {'Generation': 7, 'Best Cost': np.float64(15.2471053115937)}, {'Generation': 8, 'Best Cost': np.float64(15.2471053115937)}, {'Generation': 9, 'Best Cost': np.float64(13.800994991220643)}, {'Generation': 10, 'Best Cost': np.float64(13.800994991220643)}, {'Generation': 11, 'Best Cost': np.float64(13.800994991220643)}, {'Generation': 12, 'Best Cost': np.float64(13.800994991220643)}, {'Generation': 13, 'Best Cost': np.float64(13.60751502486139)}, {'Generation': 14, 'Best Cost': np.float64(13.60751502486139)}, {'Generation': 15, 'Best Cost': np.float64(13.589012798997677)}, {'Generation': 16, 'Best Cost': np.float64(13.589012798997677)}, {'Generation': 17, 'Best Cost': np.float64(13.589012798997677)}, {'Generation': 18, 'Best Cost': np.float64(13.589012798997677)}, {'Generation': 19, 'Best Cost': np.float64(13.589012798997677)}, {'Generation': 20, 'Best Cost': np.float64(13.589012798997677)}, {'Generation': 21, 'Best Cost': np.float64(13.286111209934386)}, {'Generation': 22, 'Best Cost': np.float64(13.00351003785947)}, {'Generation': 23, 'Best Cost': np.float64(13.00351003785947)}, {'Generation': 24, 'Best Cost': np.float64(13.00351003785947)}, {'Generation': 25, 'Best Cost': np.float64(13.00351003785947)}, {'Generation': 26, 'Best Cost': np.float64(12.205481380623581)}, {'Generation': 27, 'Best Cost': np.float64(12.205481380623581)}, {'Generation': 28, 'Best Cost': np.float64(12.205481380623581)}, {'Generation': 29, 'Best Cost': np.float64(12.205481380623581)}, {'Generation': 30, 'Best Cost': np.float64(12.205481380623581)}, {'Generation': 31, 'Best Cost': np.float64(12.205481380623581)}, {'Generation': 32, 'Best Cost': np.float64(12.205481380623581)}, {'Generation': 33, 'Best Cost': np.float64(12.205481380623581)}, {'Generation': 34, 'Best Cost': np.float64(12.205481380623581)}, {'Generation': 35, 'Best Cost': np.float64(12.205481380623581)}, {'Generation': 36, 'Best Cost': np.float64(12.205481380623581)}, {'Generation': 37, 'Best Cost': np.float64(12.205481380623581)}, {'Generation': 38, 'Best Cost': np.float64(12.205481380623581)}, {'Generation': 39, 'Best Cost': np.float64(12.205481380623581)}]"
0,40,327770180.0,328125000.0,11.795767699329307,matrices/40_random_adj_mat_8.txt,"[{'Generation': 0, 'Best Cost': np.float64(19.106377336112125)}, {'Generation': 0, 'Best Cost': np.float64(19.000414188523905)}, {'Generation': 1, 'Best Cost': np.float64(18.29346311045676)}, {'Generation': 2, 'Best Cost': np.float64(18.29346311045676)}, {'Generation': 3, 'Best Cost': np.float64(17.579243992107028)}, {'Generation': 4, 'Best Cost': np.float64(16.62620365633632)}, {'Generation': 5, 'Best Cost': np.float64(16.62620365633632)}, {'Generation': 6, 'Best Cost': np.float64(16.62620365633632)}, {'Generation': 7, 'Best Cost': np.float64(16.62620365633632)}, {'Generation': 8, 'Best Cost': np.float64(15.86640271656319)}, {'Generation': 9, 'Best Cost': np.float64(15.86640271656319)}, {'Generation': 10, 'Best Cost': np.float64(15.529707852270118)}, {'Generation': 11, 'Best Cost': np.float64(15.529707852270118)}, {'Generation': 12, 'Best Cost': np.float64(15.529707852270118)}, {'Generation': 13, 'Best Cost': np.float64(15.529707852270118)}, {'Generation': 14, 'Best Cost': np.float64(14.76600975989725)}, {'Generation': 15, 'Best Cost': np.float64(14.76600975989725)}, {'Generation': 16, 'Best Cost': np.float64(14.76600975989725)}, {'Generation': 17, 'Best Cost': np.float64(14.76600975989725)}, {'Generation': 18, 'Best Cost': np.float64(14.76600975989725)}, {'Generation': 19, 'Best Cost': np.float64(14.76600975989725)}, {'Generation': 20, 'Best Cost': np.float64(14.76600975989725)}, {'Generation': 21, 'Best Cost': np.float64(14.76600975989725)}, {'Generation': 22, 'Best Cost': np.float64(14.646160912649918)}, {'Generation': 23, 'Best Cost': np.float64(14.111336333471357)}, {'Generation': 24, 'Best Cost': np.float64(14.111336333471357)}, {'Generation': 25, 'Best Cost': np.float64(14.111336333471357)}, {'Generation': 26, 'Best Cost': np.float64(12.73908847139046)}, {'Generation': 27, 'Best Cost': np.float64(12.73908847139046)}, {'Generation': 28, 'Best Cost': np.float64(12.73908847139046)}, {'Generation': 29, 'Best Cost': np.float64(12.73908847139046)}, {'Generation': 30, 'Best Cost': np.float64(12.73908847139046)}, {'Generation': 31, 'Best Cost': np.float64(12.73908847139046)}, {'Generation': 32, 'Best Cost': np.float64(12.73908847139046)}, {'Generation': 33, 'Best Cost': np.float64(12.31016789531288)}, {'Generation': 34, 'Best Cost': np.float64(12.31016789531288)}, {'Generation': 35, 'Best Cost': np.float64(12.31016789531288)}, {'Generation': 36, 'Best Cost': np.float64(12.31016789531288)}, {'Generation': 37, 'Best Cost': np.float64(11.765656497862343)}, {'Generation': 38, 'Best Cost': np.float64(11.735633356813212)}, {'Generation': 39, 'Best Cost': np.float64(11.735633356813212)}]"
0,40,317762010.0,317187500.0,13.006472722078033,matrices/40_random_adj_mat_9.txt,"[{'Generation': 0, 'Best Cost': np.float64(19.11426790817638)}, {'Generation': 0, 'Best Cost': np.float64(18.36032479023045)}, {'Generation': 1, 'Best Cost': np.float64(18.36032479023045)}, {'Generation': 2, 'Best Cost': np.float64(18.24205841926852)}, {'Generation': 3, 'Best Cost': np.float64(18.24205841926852)}, {'Generation': 4, 'Best Cost': np.float64(18.00500797657908)}, {'Generation': 5, 'Best Cost': np.float64(18.00500797657908)}, {'Generation': 6, 'Best Cost': np.float64(17.700517023195367)}, {'Generation': 7, 'Best Cost': np.float64(17.700517023195367)}, {'Generation': 8, 'Best Cost': np.float64(16.526662745994127)}, {'Generation': 9, 'Best Cost': np.float64(16.526662745994127)}, {'Generation': 10, 'Best Cost': np.float64(16.526662745994127)}, {'Generation': 11, 'Best Cost': np.float64(15.642481642461563)}, {'Generation': 12, 'Best Cost': np.float64(15.642481642461563)}, {'Generation': 13, 'Best Cost': np.float64(15.642481642461563)}, {'Generation': 14, 'Best Cost': np.float64(15.642481642461563)}, {'Generation': 15, 'Best Cost': np.float64(14.96753875034783)}, {'Generation': 16, 'Best Cost': np.float64(14.96753875034783)}, {'Generation': 17, 'Best Cost': np.float64(14.96753875034783)}, {'Generation': 18, 'Best Cost': np.float64(14.96753875034783)}, {'Generation': 19, 'Best Cost': np.float64(14.96753875034783)}, {'Generation': 20, 'Best Cost': np.float64(14.4979692047043)}, {'Generation': 21, 'Best Cost': np.float64(14.4979692047043)}, {'Generation': 22, 'Best Cost': np.float64(14.4979692047043)}, {'Generation': 23, 'Best Cost': np.float64(14.4979692047043)}, {'Generation': 24, 'Best Cost': np.float64(14.4979692047043)}, {'Generation': 25, 'Best Cost': np.float64(14.4979692047043)}, {'Generation': 26, 'Best Cost': np.float64(14.105048537665592)}, {'Generation': 27, 'Best Cost': np.float64(14.105048537665592)}, {'Generation': 28, 'Best Cost': np.float64(14.105048537665592)}, {'Generation': 29, 'Best Cost': np.float64(14.105048537665592)}, {'Generation': 30, 'Best Cost': np.float64(14.105048537665592)}, {'Generation': 31, 'Best Cost': np.float64(14.105048537665592)}, {'Generation': 32, 'Best Cost': np.float64(14.105048537665592)}, {'Generation': 33, 'Best Cost': np.float64(14.105048537665592)}, {'Generation': 34, 'Best Cost': np.float64(14.105048537665592)}, {'Generation': 35, 'Best Cost': np.float64(14.105048537665592)}, {'Generation': 36, 'Best Cost': np.float64(14.105048537665592)}, {'Generation': 37, 'Best Cost': np.float64(14.105048537665592)}, {'Generation': 38, 'Best Cost': np.float64(14.105048537665592)}, {'Generation': 39, 'Best Cost': np.float64(14.032764005432666)}]"
0,50,486744150.0,484375000.0,17.413047778033985,matrices/50_random_adj_mat_0.txt,"[{'Generation': 0, 'Best Cost': np.float64(25.225004269991828)}, {'Generation': 0, 'Best Cost': np.float64(24.047314915068917)}, {'Generation': 1, 'Best Cost': np.float64(22.78296233199092)}, {'Generation': 2, 'Best Cost': np.float64(22.78296233199092)}, {'Generation': 3, 'Best Cost': np.float64(22.78296233199092)}, {'Generation': 4, 'Best Cost': np.float64(22.78296233199092)}, {'Generation': 5, 'Best Cost': np.float64(22.78296233199092)}, {'Generation': 6, 'Best Cost': np.float64(22.667042989921462)}, {'Generation': 7, 'Best Cost': np.float64(21.579976784170753)}, {'Generation': 8, 'Best Cost': np.float64(21.579976784170753)}, {'Generation': 9, 'Best Cost': np.float64(21.579976784170753)}, {'Generation': 10, 'Best Cost': np.float64(20.55472346105863)}, {'Generation': 11, 'Best Cost': np.float64(20.55472346105863)}, {'Generation': 12, 'Best Cost': np.float64(20.55472346105863)}, {'Generation': 13, 'Best Cost': np.float64(20.55472346105863)}, {'Generation': 14, 'Best Cost': np.float64(20.55472346105863)}, {'Generation': 15, 'Best Cost': np.float64(19.986590034778843)}, {'Generation': 16, 'Best Cost': np.float64(19.986590034778843)}, {'Generation': 17, 'Best Cost': np.float64(19.800682936824465)}, {'Generation': 18, 'Best Cost': np.float64(19.800682936824465)}, {'Generation': 19, 'Best Cost': np.float64(19.800682936824465)}, {'Generation': 20, 'Best Cost': np.float64(18.61538147331269)}, {'Generation': 21, 'Best Cost': np.float64(18.61538147331269)}, {'Generation': 22, 'Best Cost': np.float64(18.61538147331269)}, {'Generation': 23, 'Best Cost': np.float64(18.61538147331269)}, {'Generation': 24, 'Best Cost': np.float64(18.61538147331269)}, {'Generation': 25, 'Best Cost': np.float64(18.61538147331269)}, {'Generation': 26, 'Best Cost': np.float64(18.61538147331269)}, {'Generation': 27, 'Best Cost': np.float64(18.61538147331269)}, {'Generation': 28, 'Best Cost': np.float64(18.61538147331269)}, {'Generation': 29, 'Best Cost': np.float64(18.61538147331269)}, {'Generation': 30, 'Best Cost': np.float64(18.46257036299941)}, {'Generation': 31, 'Best Cost': np.float64(18.46257036299941)}, {'Generation': 32, 'Best Cost': np.float64(17.19401985064598)}, {'Generation': 33, 'Best Cost': np.float64(16.29464779065757)}, {'Generation': 34, 'Best Cost': np.float64(16.29464779065757)}, {'Generation': 35, 'Best Cost': np.float64(16.29464779065757)}, {'Generation': 36, 'Best Cost': np.float64(16.29464779065757)}, {'Generation': 37, 'Best Cost': np.float64(16.29464779065757)}, {'Generation': 38, 'Best Cost': np.float64(14.938131320603036)}, {'Generation': 39, 'Best Cost': np.float64(14.938131320603036)}]"
0,50,504923340.0,503125000.0,16.374628378994622,matrices/50_random_adj_mat_1.txt,"[{'Generation': 0, 'Best Cost': np.float64(22.607316880075473)}, {'Generation': 0, 'Best Cost': np.float64(22.188685978095442)}, {'Generation': 1, 'Best Cost': np.float64(20.651685577625564)}, {'Generation': 2, 'Best Cost': np.float64(20.651685577625564)}, {'Generation': 3, 'Best Cost': np.float64(20.251699941409353)}, {'Generation': 4, 'Best Cost': np.float64(19.730112253162662)}, {'Generation': 5, 'Best Cost': np.float64(19.730112253162662)}, {'Generation': 6, 'Best Cost': np.float64(18.78038065524035)}, {'Generation': 7, 'Best Cost': np.float64(18.439670918056457)}, {'Generation': 8, 'Best Cost': np.float64(18.055929347724213)}, {'Generation': 9, 'Best Cost': np.float64(18.055929347724213)}, {'Generation': 10, 'Best Cost': np.float64(18.055929347724213)}, {'Generation': 11, 'Best Cost': np.float64(18.055929347724213)}, {'Generation': 12, 'Best Cost': np.float64(18.055929347724213)}, {'Generation': 13, 'Best Cost': np.float64(18.055929347724213)}, {'Generation': 14, 'Best Cost': np.float64(16.14631067952693)}, {'Generation': 15, 'Best Cost': np.float64(16.14631067952693)}, {'Generation': 16, 'Best Cost': np.float64(16.14631067952693)}, {'Generation': 17, 'Best Cost': np.float64(16.14631067952693)}, {'Generation': 18, 'Best Cost': np.float64(16.14631067952693)}, {'Generation': 19, 'Best Cost': np.float64(16.14631067952693)}, {'Generation': 20, 'Best Cost': np.float64(16.14631067952693)}, {'Generation': 21, 'Best Cost': np.float64(16.14631067952693)}, {'Generation': 22, 'Best Cost': np.float64(16.14631067952693)}, {'Generation': 23, 'Best Cost': np.float64(16.14631067952693)}, {'Generation': 24, 'Best Cost': np.float64(16.14631067952693)}, {'Generation': 25, 'Best Cost': np.float64(16.14631067952693)}, {'Generation': 26, 'Best Cost': np.float64(16.14631067952693)}, {'Generation': 27, 'Best Cost': np.float64(16.14631067952693)}, {'Generation': 28, 'Best Cost': np.float64(16.14631067952693)}, {'Generation': 29, 'Best Cost': np.float64(16.14631067952693)}, {'Generation': 30, 'Best Cost': np.float64(16.14631067952693)}, {'Generation': 31, 'Best Cost': np.float64(16.084204627560712)}, {'Generation': 32, 'Best Cost': np.float64(16.084204627560712)}, {'Generation': 33, 'Best Cost': np.float64(16.084204627560712)}, {'Generation': 34, 'Best Cost': np.float64(16.084204627560712)}, {'Generation': 35, 'Best Cost': np.float64(16.084204627560712)}, {'Generation': 36, 'Best Cost': np.float64(16.084204627560712)}, {'Generation': 37, 'Best Cost': np.float64(16.084204627560712)}, {'Generation': 38, 'Best Cost': np.float64(16.084204627560712)}, {'Generation': 39, 'Best Cost': np.float64(16.084204627560712)}]"
0,50,472087210.0,467187500.0,15.502170448709624,matrices/50_random_adj_mat_2.txt,"[{'Generation': 0, 'Best Cost': np.float64(21.819077259429054)}, {'Generation': 0, 'Best Cost': np.float64(21.301259929831904)}, {'Generation': 1, 'Best Cost': np.float64(20.590787735919566)}, {'Generation': 2, 'Best Cost': np.float64(20.590787735919566)}, {'Generation': 3, 'Best Cost': np.float64(19.62420904976285)}, {'Generation': 4, 'Best Cost': np.float64(19.62420904976285)}, {'Generation': 5, 'Best Cost': np.float64(19.62420904976285)}, {'Generation': 6, 'Best Cost': np.float64(19.62420904976285)}, {'Generation': 7, 'Best Cost': np.float64(19.62420904976285)}, {'Generation': 8, 'Best Cost': np.float64(19.62420904976285)}, {'Generation': 9, 'Best Cost': np.float64(17.956040859736444)}, {'Generation': 10, 'Best Cost': np.float64(17.956040859736444)}, {'Generation': 11, 'Best Cost': np.float64(17.89641569773553)}, {'Generation': 12, 'Best Cost': np.float64(17.89641569773553)}, {'Generation': 13, 'Best Cost': np.float64(17.89641569773553)}, {'Generation': 14, 'Best Cost': np.float64(17.89641569773553)}, {'Generation': 15, 'Best Cost': np.float64(17.89641569773553)}, {'Generation': 16, 'Best Cost': np.float64(17.849427891830956)}, {'Generation': 17, 'Best Cost': np.float64(17.849427891830956)}, {'Generation': 18, 'Best Cost': np.float64(17.849427891830956)}, {'Generation': 19, 'Best Cost': np.float64(17.849427891830956)}, {'Generation': 20, 'Best Cost': np.float64(17.849427891830956)}, {'Generation': 21, 'Best Cost': np.float64(17.576083997756598)}, {'Generation': 22, 'Best Cost': np.float64(17.576083997756598)}, {'Generation': 23, 'Best Cost': np.float64(17.576083997756598)}, {'Generation': 24, 'Best Cost': np.float64(17.576083997756598)}, {'Generation': 25, 'Best Cost': np.float64(17.576083997756598)}, {'Generation': 26, 'Best Cost': np.float64(17.576083997756598)}, {'Generation': 27, 'Best Cost': np.float64(17.576083997756598)}, {'Generation': 28, 'Best Cost': np.float64(17.576083997756598)}, {'Generation': 29, 'Best Cost': np.float64(17.55577049070513)}, {'Generation': 30, 'Best Cost': np.float64(17.55577049070513)}, {'Generation': 31, 'Best Cost': np.float64(17.55577049070513)}, {'Generation': 32, 'Best Cost': np.float64(17.40317209741214)}, {'Generation': 33, 'Best Cost': np.float64(17.40317209741214)}, {'Generation': 34, 'Best Cost': np.float64(17.40317209741214)}, {'Generation': 35, 'Best Cost': np.float64(17.40317209741214)}, {'Generation': 36, 'Best Cost': np.float64(17.135040500253453)}, {'Generation': 37, 'Best Cost': np.float64(16.737093565192865)}, {'Generation': 38, 'Best Cost': np.float64(16.52576206491758)}, {'Generation': 39, 'Best Cost': np.float64(16.52576206491758)}]"
0,50,475310860.0,475000000.0,15.673050490950493,matrices/50_random_adj_mat_3.txt,"[{'Generation': 0, 'Best Cost': np.float64(22.049814599309492)}, {'Generation': 0, 'Best Cost': np.float64(22.049814599309492)}, {'Generation': 1, 'Best Cost': np.float64(22.049814599309492)}, {'Generation': 2, 'Best Cost': np.float64(21.802779656508243)}, {'Generation': 3, 'Best Cost': np.float64(18.59079850042001)}, {'Generation': 4, 'Best Cost': np.float64(18.59079850042001)}, {'Generation': 5, 'Best Cost': np.float64(18.59079850042001)}, {'Generation': 6, 'Best Cost': np.float64(18.59079850042001)}, {'Generation': 7, 'Best Cost': np.float64(18.59079850042001)}, {'Generation': 8, 'Best Cost': np.float64(18.59079850042001)}, {'Generation': 9, 'Best Cost': np.float64(18.59079850042001)}, {'Generation': 10, 'Best Cost': np.float64(18.59079850042001)}, {'Generation': 11, 'Best Cost': np.float64(18.59079850042001)}, {'Generation': 12, 'Best Cost': np.float64(18.59079850042001)}, {'Generation': 13, 'Best Cost': np.float64(17.873211035587605)}, {'Generation': 14, 'Best Cost': np.float64(17.48862158045511)}, {'Generation': 15, 'Best Cost': np.float64(17.48862158045511)}, {'Generation': 16, 'Best Cost': np.float64(17.48862158045511)}, {'Generation': 17, 'Best Cost': np.float64(17.48862158045511)}, {'Generation': 18, 'Best Cost': np.float64(17.48862158045511)}, {'Generation': 19, 'Best Cost': np.float64(17.48862158045511)}, {'Generation': 20, 'Best Cost': np.float64(17.48862158045511)}, {'Generation': 21, 'Best Cost': np.float64(17.48862158045511)}, {'Generation': 22, 'Best Cost': np.float64(17.48862158045511)}, {'Generation': 23, 'Best Cost': np.float64(16.881331063455857)}, {'Generation': 24, 'Best Cost': np.float64(16.881331063455857)}, {'Generation': 25, 'Best Cost': np.float64(16.881331063455857)}, {'Generation': 26, 'Best Cost': np.float64(16.881331063455857)}, {'Generation': 27, 'Best Cost': np.float64(16.881331063455857)}, {'Generation': 28, 'Best Cost': np.float64(16.881331063455857)}, {'Generation': 29, 'Best Cost': np.float64(16.495437391155583)}, {'Generation': 30, 'Best Cost': np.float64(16.495437391155583)}, {'Generation': 31, 'Best Cost': np.float64(16.336115870324036)}, {'Generation': 32, 'Best Cost': np.float64(16.336115870324036)}, {'Generation': 33, 'Best Cost': np.float64(16.336115870324036)}, {'Generation': 34, 'Best Cost': np.float64(16.28285190622434)}, {'Generation': 35, 'Best Cost': np.float64(16.28285190622434)}, {'Generation': 36, 'Best Cost': np.float64(16.28285190622434)}, {'Generation': 37, 'Best Cost': np.float64(16.28285190622434)}, {'Generation': 38, 'Best Cost': np.float64(16.28285190622434)}, {'Generation': 39, 'Best Cost': np.float64(16.28285190622434)}]"
0,50,476844780.0,476562500.0,16.98849885176111,matrices/50_random_adj_mat_4.txt,"[{'Generation': 0, 'Best Cost': np.float64(23.62263072770665)}, {'Generation': 0, 'Best Cost': np.float64(23.62263072770665)}, {'Generation': 1, 'Best Cost': np.float64(23.62263072770665)}, {'Generation': 2, 'Best Cost': np.float64(21.278794893482985)}, {'Generation': 3, 'Best Cost': np.float64(21.278794893482985)}, {'Generation': 4, 'Best Cost': np.float64(21.278794893482985)}, {'Generation': 5, 'Best Cost': np.float64(21.278794893482985)}, {'Generation': 6, 'Best Cost': np.float64(21.182574317965763)}, {'Generation': 7, 'Best Cost': np.float64(21.182574317965763)}, {'Generation': 8, 'Best Cost': np.float64(19.552622340049588)}, {'Generation': 9, 'Best Cost': np.float64(17.822678778482466)}, {'Generation': 10, 'Best Cost': np.float64(17.822678778482466)}, {'Generation': 11, 'Best Cost': np.float64(17.822678778482466)}, {'Generation': 12, 'Best Cost': np.float64(17.822678778482466)}, {'Generation': 13, 'Best Cost': np.float64(17.822678778482466)}, {'Generation': 14, 'Best Cost': np.float64(17.822678778482466)}, {'Generation': 15, 'Best Cost': np.float64(17.822678778482466)}, {'Generation': 16, 'Best Cost': np.float64(17.822678778482466)}, {'Generation': 17, 'Best Cost': np.float64(17.822678778482466)}, {'Generation': 18, 'Best Cost': np.float64(17.822678778482466)}, {'Generation': 19, 'Best Cost': np.float64(17.822678778482466)}, {'Generation': 20, 'Best Cost': np.float64(17.822678778482466)}, {'Generation': 21, 'Best Cost': np.float64(17.822678778482466)}, {'Generation': 22, 'Best Cost': np.float64(17.822678778482466)}, {'Generation': 23, 'Best Cost': np.float64(17.822678778482466)}, {'Generation': 24, 'Best Cost': np.float64(17.7833429746564)}, {'Generation': 25, 'Best Cost': np.float64(17.7833429746564)}, {'Generation': 26, 'Best Cost': np.float64(17.7833429746564)}, {'Generation': 27, 'Best Cost': np.float64(17.7833429746564)}, {'Generation': 28, 'Best Cost': np.float64(17.7833429746564)}, {'Generation': 29, 'Best Cost': np.float64(17.7833429746564)}, {'Generation': 30, 'Best Cost': np.float64(17.7833429746564)}, {'Generation': 31, 'Best Cost': np.float64(17.7833429746564)}, {'Generation': 32, 'Best Cost': np.float64(17.7833429746564)}, {'Generation': 33, 'Best Cost': np.float64(17.7833429746564)}, {'Generation': 34, 'Best Cost': np.float64(17.7833429746564)}, {'Generation': 35, 'Best Cost': np.float64(17.622802151881185)}, {'Generation': 36, 'Best Cost': np.float64(17.622802151881185)}, {'Generation': 37, 'Best Cost': np.float64(17.622802151881185)}, {'Generation': 38, 'Best Cost': np.float64(17.622802151881185)}, {'Generation': 39, 'Best Cost': np.float64(17.622802151881185)}]"
0,50,475553920.0,473437500.0,16.963245616900743,matrices/50_random_adj_mat_5.txt,"[{'Generation': 0, 'Best Cost': np.float64(22.08806795963634)}, {'Generation': 0, 'Best Cost': np.float64(19.68658956746035)}, {'Generation': 1, 'Best Cost': np.float64(19.68658956746035)}, {'Generation': 2, 'Best Cost': np.float64(19.68658956746035)}, {'Generation': 3, 'Best Cost': np.float64(19.68658956746035)}, {'Generation': 4, 'Best Cost': np.float64(19.68658956746035)}, {'Generation': 5, 'Best Cost': np.float64(19.68658956746035)}, {'Generation': 6, 'Best Cost': np.float64(18.9207903472202)}, {'Generation': 7, 'Best Cost': np.float64(18.9207903472202)}, {'Generation': 8, 'Best Cost': np.float64(18.9207903472202)}, {'Generation': 9, 'Best Cost': np.float64(18.9207903472202)}, {'Generation': 10, 'Best Cost': np.float64(18.9207903472202)}, {'Generation': 11, 'Best Cost': np.float64(18.9207903472202)}, {'Generation': 12, 'Best Cost': np.float64(18.9207903472202)}, {'Generation': 13, 'Best Cost': np.float64(18.9207903472202)}, {'Generation': 14, 'Best Cost': np.float64(18.9207903472202)}, {'Generation': 15, 'Best Cost': np.float64(18.9207903472202)}, {'Generation': 16, 'Best Cost': np.float64(18.9207903472202)}, {'Generation': 17, 'Best Cost': np.float64(18.492646981283276)}, {'Generation': 18, 'Best Cost': np.float64(18.492646981283276)}, {'Generation': 19, 'Best Cost': np.float64(18.492646981283276)}, {'Generation': 20, 'Best Cost': np.float64(18.492646981283276)}, {'Generation': 21, 'Best Cost': np.float64(18.492646981283276)}, {'Generation': 22, 'Best Cost': np.float64(18.492646981283276)}, {'Generation': 23, 'Best Cost': np.float64(18.492646981283276)}, {'Generation': 24, 'Best Cost': np.float64(18.492646981283276)}, {'Generation': 25, 'Best Cost': np.float64(18.492646981283276)}, {'Generation': 26, 'Best Cost': np.float64(18.492646981283276)}, {'Generation': 27, 'Best Cost': np.float64(18.374217255445092)}, {'Generation': 28, 'Best Cost': np.float64(18.054324945720225)}, {'Generation': 29, 'Best Cost': np.float64(18.054324945720225)}, {'Generation': 30, 'Best Cost': np.float64(17.925230791696553)}, {'Generation': 31, 'Best Cost': np.float64(17.62934370364501)}, {'Generation': 32, 'Best Cost': np.float64(17.62934370364501)}, {'Generation': 33, 'Best Cost': np.float64(17.62934370364501)}, {'Generation': 34, 'Best Cost': np.float64(17.62934370364501)}, {'Generation': 35, 'Best Cost': np.float64(17.62934370364501)}, {'Generation': 36, 'Best Cost': np.float64(16.224473576776028)}, {'Generation': 37, 'Best Cost': np.float64(16.224473576776028)}, {'Generation': 38, 'Best Cost': np.float64(16.224473576776028)}, {'Generation': 39, 'Best Cost': np.float64(16.224473576776028)}]"
0,50,473029450.0,471875000.0,16.34012545714632,matrices/50_random_adj_mat_6.txt,"[{'Generation': 0, 'Best Cost': np.float64(23.480362589060565)}, {'Generation': 0, 'Best Cost': np.float64(22.80292641934561)}, {'Generation': 1, 'Best Cost': np.float64(21.703107546643746)}, {'Generation': 2, 'Best Cost': np.float64(21.220757206963317)}, {'Generation': 3, 'Best Cost': np.float64(20.80039323936641)}, {'Generation': 4, 'Best Cost': np.float64(20.80039323936641)}, {'Generation': 5, 'Best Cost': np.float64(20.43444202604256)}, {'Generation': 6, 'Best Cost': np.float64(19.735041771179247)}, {'Generation': 7, 'Best Cost': np.float64(19.735041771179247)}, {'Generation': 8, 'Best Cost': np.float64(19.735041771179247)}, {'Generation': 9, 'Best Cost': np.float64(19.735041771179247)}, {'Generation': 10, 'Best Cost': np.float64(19.735041771179247)}, {'Generation': 11, 'Best Cost': np.float64(19.735041771179247)}, {'Generation': 12, 'Best Cost': np.float64(19.735041771179247)}, {'Generation': 13, 'Best Cost': np.float64(19.49949459595415)}, {'Generation': 14, 'Best Cost': np.float64(19.49949459595415)}, {'Generation': 15, 'Best Cost': np.float64(19.49949459595415)}, {'Generation': 16, 'Best Cost': np.float64(17.798539729825123)}, {'Generation': 17, 'Best Cost': np.float64(17.798539729825123)}, {'Generation': 18, 'Best Cost': np.float64(17.798539729825123)}, {'Generation': 19, 'Best Cost': np.float64(17.798539729825123)}, {'Generation': 20, 'Best Cost': np.float64(17.798539729825123)}, {'Generation': 21, 'Best Cost': np.float64(17.798539729825123)}, {'Generation': 22, 'Best Cost': np.float64(17.798539729825123)}, {'Generation': 23, 'Best Cost': np.float64(17.659097183967063)}, {'Generation': 24, 'Best Cost': np.float64(17.659097183967063)}, {'Generation': 25, 'Best Cost': np.float64(17.659097183967063)}, {'Generation': 26, 'Best Cost': np.float64(17.659097183967063)}, {'Generation': 27, 'Best Cost': np.float64(17.659097183967063)}, {'Generation': 28, 'Best Cost': np.float64(17.659097183967063)}, {'Generation': 29, 'Best Cost': np.float64(17.659097183967063)}, {'Generation': 30, 'Best Cost': np.float64(17.659097183967063)}, {'Generation': 31, 'Best Cost': np.float64(17.659097183967063)}, {'Generation': 32, 'Best Cost': np.float64(17.659097183967063)}, {'Generation': 33, 'Best Cost': np.float64(17.659097183967063)}, {'Generation': 34, 'Best Cost': np.float64(17.659097183967063)}, {'Generation': 35, 'Best Cost': np.float64(16.961171236744466)}, {'Generation': 36, 'Best Cost': np.float64(16.961171236744466)}, {'Generation': 37, 'Best Cost': np.float64(16.961171236744466)}, {'Generation': 38, 'Best Cost': np.float64(16.961171236744466)}, {'Generation': 39, 'Best Cost': np.float64(16.961171236744466)}]"
0,50,472132450.0,473437500.0,17.591021103056512,matrices/50_random_adj_mat_7.txt,"[{'Generation': 0, 'Best Cost': np.float64(25.78391863768865)}, {'Generation': 0, 'Best Cost': np.float64(24.126051530472605)}, {'Generation': 1, 'Best Cost': np.float64(23.843636868151506)}, {'Generation': 2, 'Best Cost': np.float64(23.843636868151506)}, {'Generation': 3, 'Best Cost': np.float64(23.843636868151506)}, {'Generation': 4, 'Best Cost': np.float64(21.474040160721202)}, {'Generation': 5, 'Best Cost': np.float64(21.474040160721202)}, {'Generation': 6, 'Best Cost': np.float64(21.474040160721202)}, {'Generation': 7, 'Best Cost': np.float64(21.474040160721202)}, {'Generation': 8, 'Best Cost': np.float64(21.474040160721202)}, {'Generation': 9, 'Best Cost': np.float64(21.474040160721202)}, {'Generation': 10, 'Best Cost': np.float64(21.474040160721202)}, {'Generation': 11, 'Best Cost': np.float64(21.474040160721202)}, {'Generation': 12, 'Best Cost': np.float64(21.474040160721202)}, {'Generation': 13, 'Best Cost': np.float64(21.474040160721202)}, {'Generation': 14, 'Best Cost': np.float64(21.474040160721202)}, {'Generation': 15, 'Best Cost': np.float64(21.474040160721202)}, {'Generation': 16, 'Best Cost': np.float64(21.413119636078065)}, {'Generation': 17, 'Best Cost': np.float64(21.413119636078065)}, {'Generation': 18, 'Best Cost': np.float64(20.105404813258144)}, {'Generation': 19, 'Best Cost': np.float64(20.105404813258144)}, {'Generation': 20, 'Best Cost': np.float64(20.105404813258144)}, {'Generation': 21, 'Best Cost': np.float64(20.105404813258144)}, {'Generation': 22, 'Best Cost': np.float64(20.105404813258144)}, {'Generation': 23, 'Best Cost': np.float64(20.105404813258144)}, {'Generation': 24, 'Best Cost': np.float64(19.66212724672057)}, {'Generation': 25, 'Best Cost': np.float64(19.66212724672057)}, {'Generation': 26, 'Best Cost': np.float64(19.569698883953443)}, {'Generation': 27, 'Best Cost': np.float64(19.569698883953443)}, {'Generation': 28, 'Best Cost': np.float64(19.569698883953443)}, {'Generation': 29, 'Best Cost': np.float64(18.90087031375427)}, {'Generation': 30, 'Best Cost': np.float64(18.90087031375427)}, {'Generation': 31, 'Best Cost': np.float64(18.90087031375427)}, {'Generation': 32, 'Best Cost': np.float64(18.90087031375427)}, {'Generation': 33, 'Best Cost': np.float64(18.90087031375427)}, {'Generation': 34, 'Best Cost': np.float64(18.90087031375427)}, {'Generation': 35, 'Best Cost': np.float64(18.90087031375427)}, {'Generation': 36, 'Best Cost': np.float64(18.90087031375427)}, {'Generation': 37, 'Best Cost': np.float64(18.90087031375427)}, {'Generation': 38, 'Best Cost': np.float64(18.90087031375427)}, {'Generation': 39, 'Best Cost': np.float64(18.754876089629892)}]"
0,50,473045920.0,470312500.0,15.652390092139711,matrices/50_random_adj_mat_8.txt,"[{'Generation': 0, 'Best Cost': np.float64(21.696517683702776)}, {'Generation': 0, 'Best Cost': np.float64(21.696517683702776)}, {'Generation': 1, 'Best Cost': np.float64(21.696517683702776)}, {'Generation': 2, 'Best Cost': np.float64(21.696517683702776)}, {'Generation': 3, 'Best Cost': np.float64(20.9707089086828)}, {'Generation': 4, 'Best Cost': np.float64(19.77824665307351)}, {'Generation': 5, 'Best Cost': np.float64(19.77824665307351)}, {'Generation': 6, 'Best Cost': np.float64(18.072377926850315)}, {'Generation': 7, 'Best Cost': np.float64(18.072377926850315)}, {'Generation': 8, 'Best Cost': np.float64(18.072377926850315)}, {'Generation': 9, 'Best Cost': np.float64(16.258612205987014)}, {'Generation': 10, 'Best Cost': np.float64(16.258612205987014)}, {'Generation': 11, 'Best Cost': np.float64(16.258612205987014)}, {'Generation': 12, 'Best Cost': np.float64(16.258612205987014)}, {'Generation': 13, 'Best Cost': np.float64(16.258612205987014)}, {'Generation': 14, 'Best Cost': np.float64(16.258612205987014)}, {'Generation': 15, 'Best Cost': np.float64(16.258612205987014)}, {'Generation': 16, 'Best Cost': np.float64(16.258612205987014)}, {'Generation': 17, 'Best Cost': np.float64(16.258612205987014)}, {'Generation': 18, 'Best Cost': np.float64(16.258612205987014)}, {'Generation': 19, 'Best Cost': np.float64(16.258612205987014)}, {'Generation': 20, 'Best Cost': np.float64(16.258612205987014)}, {'Generation': 21, 'Best Cost': np.float64(16.258612205987014)}, {'Generation': 22, 'Best Cost': np.float64(16.258612205987014)}, {'Generation': 23, 'Best Cost': np.float64(16.258612205987014)}, {'Generation': 24, 'Best Cost': np.float64(16.258612205987014)}, {'Generation': 25, 'Best Cost': np.float64(16.258612205987014)}, {'Generation': 26, 'Best Cost': np.float64(16.258612205987014)}, {'Generation': 27, 'Best Cost': np.float64(16.258612205987014)}, {'Generation': 28, 'Best Cost': np.float64(16.258612205987014)}, {'Generation': 29, 'Best Cost': np.float64(16.258612205987014)}, {'Generation': 30, 'Best Cost': np.float64(16.258612205987014)}, {'Generation': 31, 'Best Cost': np.float64(16.081519922957078)}, {'Generation': 32, 'Best Cost': np.float64(15.813608267506082)}, {'Generation': 33, 'Best Cost': np.float64(15.813608267506082)}, {'Generation': 34, 'Best Cost': np.float64(15.025297610796363)}, {'Generation': 35, 'Best Cost': np.float64(15.025297610796363)}, {'Generation': 36, 'Best Cost': np.float64(15.025297610796363)}, {'Generation': 37, 'Best Cost': np.float64(15.025297610796363)}, {'Generation': 38, 'Best Cost': np.float64(14.818093517698495)}, {'Generation': 39, 'Best Cost': np.float64(14.818093517698495)}]"
0,50,475602510.0,475000000.0,15.596058586322524,matrices/50_random_adj_mat_9.txt,"[{'Generation': 0, 'Best Cost': np.float64(21.66250851274916)}, {'Generation': 0, 'Best Cost': np.float64(20.276784332879117)}, {'Generation': 1, 'Best Cost': np.float64(20.276784332879117)}, {'Generation': 2, 'Best Cost': np.float64(20.276784332879117)}, {'Generation': 3, 'Best Cost': np.float64(19.76681063354425)}, {'Generation': 4, 'Best Cost': np.float64(19.76681063354425)}, {'Generation': 5, 'Best Cost': np.float64(19.76681063354425)}, {'Generation': 6, 'Best Cost': np.float64(19.76681063354425)}, {'Generation': 7, 'Best Cost': np.float64(19.76681063354425)}, {'Generation': 8, 'Best Cost': np.float64(18.49018944507375)}, {'Generation': 9, 'Best Cost': np.float64(18.49018944507375)}, {'Generation': 10, 'Best Cost': np.float64(18.49018944507375)}, {'Generation': 11, 'Best Cost': np.float64(17.68089966430226)}, {'Generation': 12, 'Best Cost': np.float64(17.68089966430226)}, {'Generation': 13, 'Best Cost': np.float64(17.68089966430226)}, {'Generation': 14, 'Best Cost': np.float64(17.68089966430226)}, {'Generation': 15, 'Best Cost': np.float64(17.68089966430226)}, {'Generation': 16, 'Best Cost': np.float64(17.68089966430226)}, {'Generation': 17, 'Best Cost': np.float64(16.80918962325588)}, {'Generation': 18, 'Best Cost': np.float64(16.80918962325588)}, {'Generation': 19, 'Best Cost': np.float64(16.80918962325588)}, {'Generation': 20, 'Best Cost': np.float64(16.80918962325588)}, {'Generation': 21, 'Best Cost': np.float64(16.80918962325588)}, {'Generation': 22, 'Best Cost': np.float64(16.80918962325588)}, {'Generation': 23, 'Best Cost': np.float64(16.406035978751913)}, {'Generation': 24, 'Best Cost': np.float64(16.406035978751913)}, {'Generation': 25, 'Best Cost': np.float64(16.406035978751913)}, {'Generation': 26, 'Best Cost': np.float64(16.406035978751913)}, {'Generation': 27, 'Best Cost': np.float64(16.406035978751913)}, {'Generation': 28, 'Best Cost': np.float64(15.61310984879694)}, {'Generation': 29, 'Best Cost': np.float64(15.61310984879694)}, {'Generation': 30, 'Best Cost': np.float64(15.61310984879694)}, {'Generation': 31, 'Best Cost': np.float64(15.61310984879694)}, {'Generation': 32, 'Best Cost': np.float64(15.61310984879694)}, {'Generation': 33, 'Best Cost': np.float64(15.61310984879694)}, {'Generation': 34, 'Best Cost': np.float64(15.61310984879694)}, {'Generation': 35, 'Best Cost': np.float64(15.61310984879694)}, {'Generation': 36, 'Best Cost': np.float64(15.61310984879694)}, {'Generation': 37, 'Best Cost': np.float64(15.61310984879694)}, {'Generation': 38, 'Best Cost': np.float64(15.61310984879694)}, {'Generation': 39, 'Best Cost': np.float64(15.61310984879694)}]"
